prob,dialectness,score,macro_score,SpBLEU_corpus_score,ChrF_corpus_score
0.26902893065402167,0.40694211660011204,0.16762554424027537,0.23512977250525766,0.11334228259467814,0.2848118465277207
