prob,dialectness,score,macro_score,SpBLEU_corpus_score,ChrF_corpus_score
0.025604752714207278,0.1783408812675043,0.012568737429743928,0.0533578337193067,0.12014579957619237,0.2962476005801343
