prob,dialectness,score,macro_score,SpBLEU_corpus_score,ChrF_corpus_score
0.3165030541478336,0.4394355647295015,0.21763585196848964,0.24795644449859572,0.12321862078012429,0.3125380338072532
