prob,dialectness,score,macro_score,SpBLEU_corpus_score,ChrF_corpus_score
0.09646223647920124,0.01362867979798466,0.001930349625887776,0.008112946733621087,0.27077392557267194,0.4526179461861053
