prob,dialectness,score,macro_score,SpBLEU_corpus_score,ChrF_corpus_score
0.12857625083328458,0.15906738011952257,0.02042716771281109,0.07503714747705095,0.16960389203953039,0.37435045660044525
