prob,dialectness,score,macro_score,SpBLEU_corpus_score,ChrF_corpus_score
0.11496787667012541,0.06942485211446182,0.014786636734137026,0.04050275564466272,0.1606113784915588,0.35015790191289803
