prob,dialectness,score,macro_score,SpBLEU_corpus_score,ChrF_corpus_score
0.03216257031344867,0.18108495543565367,0.012720740707006269,0.04757490638549454,0.11508800178937426,0.29848420154629457
