prob,dialectness,score,macro_score,SpBLEU_corpus_score,ChrF_corpus_score
0.10099372498400044,0.22735823864815757,0.016949114070090775,0.06305148407259914,0.13490463125775748,0.31243542267135227
