prob,dialectness,score,macro_score,SpBLEU_corpus_score,ChrF_corpus_score
0.4238513891414914,0.23767967254214453,0.17898231902291178,0.19544453704226644,0.22211306864931055,0.4079094657813834
