prob,dialectness,score,macro_score,SpBLEU_corpus_score,ChrF_corpus_score
0.08703375906203291,0.09432022662047529,0.03565779396020053,0.04070854516290168,0.2008688697200913,0.38752174521148647
