prob,dialectness,score,macro_score,SpBLEU_corpus_score,ChrF_corpus_score
0.19814083049343026,0.20536044697102626,0.08878757715921676,0.09462444491327826,0.40151626246693445,0.5548319642131754
