prob,dialectness,score,macro_score,SpBLEU_corpus_score,ChrF_corpus_score
0.05038239403613261,0.09721293867769418,0.00626566099004499,0.037781468434288375,0.3106622413109728,0.5074398609436381
