prob,dialectness,score,macro_score,SpBLEU_corpus_score,ChrF_corpus_score
0.10565487317660882,0.05597161482233787,0.01087613457655884,0.030582727199919654,0.8292272174393251,0.8770896167008854
