prob,dialectness,score,macro_score,SpBLEU_corpus_score,ChrF_corpus_score
0.057582404945096644,0.34995686558191663,0.020794739794685286,0.09060856844015516,0.08820246231011535,0.24798501191496516
