prob,dialectness,score,macro_score,SpBLEU_corpus_score,ChrF_corpus_score
0.03713410017699061,0.2656985282475944,0.02229618650400952,0.10258275369014452,0.127902210536867,0.32279424301984266
