prob,dialectness,score,macro_score,SpBLEU_corpus_score,ChrF_corpus_score
0.0453168394054228,0.01880585041391896,0.0003931345138055421,0.001461649491063341,0.22641919949207207,0.43320459177338333
