prob,dialectness,score,macro_score,SpBLEU_corpus_score,ChrF_corpus_score
0.03926883897620428,0.2733096162774018,0.020710072178373097,0.0959521794074303,0.1252280213969578,0.32532732819611143
