prob,dialectness,score,macro_score,SpBLEU_corpus_score,ChrF_corpus_score
0.040730203558778155,0.09574839303415501,0.009423283498843728,0.03974019584063218,0.3313413397018666,0.5226540764002675
