prob,dialectness,score,macro_score,SpBLEU_corpus_score,ChrF_corpus_score
0.03190674012927047,0.023046206634026022,0.0003388981184337567,0.0021508450787120466,0.24315086919153686,0.4473718596457688
