prob,dialectness,score,macro_score,SpBLEU_corpus_score,ChrF_corpus_score
0.21326402547230827,0.3727692315450986,0.1472976871801395,0.17232167877290816,0.10970589057535135,0.2874794922527043
