prob,dialectness,score,macro_score,SpBLEU_corpus_score,ChrF_corpus_score
0.12363498293183511,0.27891061474656453,0.0292176936189435,0.06587029896180169,0.13095710621456974,0.33637514548553354
