prob,dialectness,score,macro_score,SpBLEU_corpus_score,ChrF_corpus_score
0.057943788765987846,0.03208200848835986,0.007444746535706097,0.011623235797975756,0.1397042104997772,0.3403084346143354
