prob,dialectness,score,macro_score,SpBLEU_corpus_score,ChrF_corpus_score
0.06511839729646454,0.3524618740970618,0.020230716921021276,0.20136920652384707,0.09384420079139372,0.2767037319510244
