prob,dialectness,score,macro_score,SpBLEU_corpus_score,ChrF_corpus_score
0.09294913532226928,0.2670269673003349,0.054016425834675454,0.08197609767558772,0.09586020995193287,0.2659852469144864
