prob,macro_prob,dialectness,score,macro_score,lid_acc
0.6126640297588892,0.7043959909839032,0.31322198459878564,0.27459841819410463,0.30215055309673317,0.84
