prob,macro_prob,dialectness,score,macro_score,lid_acc
0.30537544887047263,0.6036227640198194,0.41371987011283634,0.17085525305489305,0.33887748802430034,0.91
