prob,macro_prob,dialectness,score,macro_score,lid_acc
0.20003033637432963,0.5273032013647025,0.31759135795757176,0.09284390540027938,0.2603086427879525,0.83
