prob,macro_prob,dialectness,score,macro_score,lid_acc
0.13850655523513514,0.7963689217008062,0.3968379024373389,0.07275993816401158,0.38135277150182806,0.8850574712643678
