prob,macro_prob,dialectness,score,macro_score,lid_acc
0.29332412290103094,0.5370384544898843,0.314520178316161,0.14669392220569602,0.23328585597394758,0.86
