prob,macro_prob,dialectness,score,macro_score,lid_acc
0.603727879297221,0.6872218691109446,0.4333346114587039,0.3393185818503499,0.36396786912848256,0.93
