prob,macro_prob,dialectness,score,macro_score,lid_acc
0.329149262609717,0.536858398533368,0.36787051712162794,0.17298299504933876,0.2891491790818422,0.87
