prob,macro_prob,dialectness,score,macro_score,lid_acc
0.23384908737265506,0.829541393302643,0.37736471416428685,0.12010750017464394,0.3566026130948904,0.92
