prob,macro_prob,dialectness,score,macro_score,lid_acc
0.34406423904642,0.5925486010494933,0.38572383030317725,0.2332641902861773,0.36688934033973986,0.66
