prob,macro_prob,dialectness,score,macro_score,lid_acc
0.24140690792090028,0.5033107440010645,0.42894379075616595,0.15701457414446815,0.3215583182337111,0.84
