prob,macro_prob,dialectness,score,macro_score,lid_acc
0.2853601033838781,0.5092964253112329,0.28855495101782264,0.09563855082607133,0.21922203462480414,0.9354838709677419
