prob,macro_prob,dialectness,score,macro_score,lid_acc
0.5384797497891123,0.5563547811398166,0.46767239100299773,0.3663452003781774,0.37082394386187284,0.9
