prob,macro_prob,dialectness,score,macro_score,lid_acc
0.284835240879911,0.4923139910717873,0.27638907147571445,0.10279996388113567,0.17440784607912949,0.89
