prob,macro_prob,dialectness,score,macro_score,lid_acc
0.16240460989647545,0.5532877826798358,0.3427730706520379,0.08077963014293094,0.2691872400665503,0.97
