prob,macro_prob,dialectness,score,macro_score,lid_acc
0.6351452975696884,0.6614161472127307,0.5651541201397776,0.4757727890104786,0.4890005635313516,0.91
