prob,macro_prob,dialectness,score,macro_score,lid_acc
0.7608671910705743,0.8722460081351892,0.3737171389721334,0.3329382241888996,0.3672794857734864,0.93
