prob,macro_prob,dialectness,score,macro_score,lid_acc
0.5423457743838662,0.68027968122944,0.37552370633929966,0.29128653833895507,0.33905035459759203,0.9
