prob,macro_prob,dialectness,score,macro_score,lid_acc
0.5274949828977696,0.7189287573120964,0.5676719703897833,0.368449992064386,0.5115411360145009,0.88
