prob,macro_prob,dialectness,score,macro_score,lid_acc
0.1430555310237105,0.4263690891920851,0.07228965038433671,0.018810546834757306,0.04178557840850756,0.88
