prob,macro_prob,dialectness,score,macro_score,lid_acc
0.7993071852996946,0.8533381487702718,0.34621966858394443,0.3207649162267907,0.33637903482399856,0.91
