prob,macro_prob,dialectness,score,macro_score,lid_acc
0.21845726455416298,0.4392436615198676,0.47307393497787414,0.13396501281397064,0.2763250830500917,0.89
