prob,macro_prob,dialectness,score,macro_score,lid_acc
0.7809646689286456,0.8227249559183111,0.3861147542670369,0.36475082368769285,0.36973106948428525,0.93
