prob,macro_prob,dialectness,score,macro_score,lid_acc
0.05935970921622356,0.41957761394936827,0.23335698689334095,0.022414654570912934,0.17705054833835518,0.87
