prob,macro_prob,dialectness,score,macro_score,lid_acc
0.6027736360230483,0.6364270197768929,0.5304246708098799,0.4558748968044222,0.469387786804869,0.86
