prob,macro_prob,dialectness,score,macro_score,lid_acc
0.42439014741219583,0.45730387816525764,0.3088655189424753,0.2448348989393102,0.25825846464724644,0.71
