prob,macro_prob,dialectness,score,macro_score,lid_acc
0.08233865434531487,0.29764563375591446,0.3094159680036589,0.040428311181849134,0.14833640041680973,0.9615384615384616
