prob,macro_prob,dialectness,score,macro_score,lid_acc
0.12896520342241274,0.6171022092795465,0.319169885981828,0.07908712077107599,0.24995051925579215,0.91
