prob,macro_prob,dialectness,score,macro_score,lid_acc
0.0419937075040798,0.4920753088208585,0.31835556838661433,0.019134457184027124,0.19232560446052127,0.95
