estimator,average_score,BTEC_score,FLORES_score,HABIBI_score,TWEET_score,mar_score,pse_score,sdn_score,kwt_score,average_line_prob,BTEC_line_prob,FLORES_line_prob,HABIBI_line_prob,TWEET_line_prob,mar_line_prob,pse_line_prob,sdn_line_prob,kwt_line_prob,average_line_macro_prob,BTEC_line_macro_prob,FLORES_line_macro_prob,HABIBI_line_macro_prob,TWEET_line_macro_prob,mar_line_macro_prob,pse_line_macro_prob,sdn_line_macro_prob,kwt_line_macro_prob,average_dialectness,BTEC_dialectness,FLORES_dialectness,HABIBI_dialectness,TWEET_dialectness,mar_dialectness,pse_dialectness,sdn_dialectness,kwt_dialectness
Blobheart:command-r-plus,0.2530600916982138,0.27573333905982383,0.22348892647330726,0.18114735443519855,0.33187074682452555,0.46858919996236376,0.11394052283326309,0.2818795890345391,0.12877295741557493,0.4309619248817959,0.48557561167744,0.40453055073436,0.30594498216544047,0.5277965549499432,0.7762695770978968,0.19453511957720437,0.46950372868556567,0.15451205610273616,0.6926665078910097,0.7075736679979145,0.6901800331299822,0.600401356342321,0.7725109740938207,0.8808856114057176,0.5529625919985575,0.6171710481699952,0.7039122169355942,0.4635857621833671,0.48663601845995114,0.36707957525612295,0.46844415627127844,0.5321832987461156,0.4999242385013189,0.45266552882572514,0.477706397240196,0.4765493824664556
