prob,macro_prob,dialectness,score,macro_score,lid_acc
0.17942278489354066,0.5141182753868634,0.31102526646107437,0.1018656249443033,0.24102943071054117,1.0
