prob,macro_prob,dialectness,score,macro_score,lid_acc
0.305214222392533,0.7631450167222646,0.09438175538554788,0.04717305993106783,0.08280744954497105,1.0
