prob,macro_prob,dialectness,score,macro_score,lid_acc
0.018562099527916872,0.6193707359817927,0.12115119064226747,0.0065881500159673265,0.08441722206737456,1.0
