prob,macro_prob,dialectness,score,macro_score,lid_acc
0.0209837391221663,0.4491784232313512,0.0002299821749329567,4.6597213180208684e-06,7.773487648098799e-05,1.0
