prob,macro_prob,dialectness,score,macro_score,lid_acc
0.06217681206995621,0.2989835173415486,0.09521030110307038,0.01410775840210315,0.06843174796439239,1.0
