prob,macro_prob,dialectness,score,macro_score,lid_acc
0.24119497009087354,0.4273724380553176,0.18090440498199314,0.08638568934440201,0.1578908852604558,0.98
