prob,macro_prob,dialectness,score,macro_score,lid_acc
0.05423842662363313,0.7962171615770786,0.12206460975110531,0.013182687638338414,0.10863099849528635,1.0
