prob,macro_prob,dialectness,score,macro_score,lid_acc
0.05192181827384047,0.2261702298198361,0.025554235074669123,0.002769497015373456,0.018153970672188477,1.0
