prob,macro_prob,dialectness,score,macro_score,lid_acc
0.05278681843192316,0.678830130751885,0.09275325789116323,0.010805052475615756,0.06957917873139606,1.0
