prob,macro_prob,dialectness,score,macro_score,lid_acc
0.4621849925760762,0.5931535351923231,0.13824338152073323,0.10381867993272083,0.11250214761518994,1.0
