prob,macro_prob,dialectness,score,macro_score,lid_acc
0.04938361824174682,0.28241662219947866,0.10292671745022137,0.00518299609727663,0.057005092233630345,1.0
