prob,macro_prob,dialectness,score,macro_score,lid_acc
0.07238746486837044,0.7629289451352088,0.0459165021777153,0.012499588504978797,0.03730544966247881,1.0
