prob,macro_prob,dialectness,score,macro_score,lid_acc
0.39141135769023094,0.457290836577813,0.09767014284618199,0.09634845396163506,0.09659530830265567,1.0
