prob,macro_prob,dialectness,score,macro_score,lid_acc
0.4971703877253458,0.687762080949251,0.26892444003373384,0.1963540906879225,0.26255144626686067,0.98
