prob,macro_prob,dialectness,score,macro_score,lid_acc
0.2498239248606842,0.3743986721977126,0.09257284211926162,0.03188772393377817,0.07621541484703047,1.0
