prob,macro_prob,dialectness,score,macro_score,lid_acc
0.2983895832594135,0.32563930078234987,0.1649817977193743,0.12835534018561515,0.13492861916552099,1.0
