prob,macro_prob,dialectness,score,macro_score,lid_acc
0.14455434976145626,0.27688170318375344,0.05246569079346955,0.010921551887308735,0.038864946871987605,1.0
