prob,macro_prob,dialectness,score,macro_score,lid_acc
0.34929696026898455,0.35642763685405954,0.1536914122942835,0.12516060805935436,0.12566871096676596,1.0
