prob,macro_prob,dialectness,score,macro_score,lid_acc
0.12083937752715429,0.41418707637523766,0.17751903301104904,0.04356394120796661,0.1078694892026075,1.0
