prob,macro_prob,dialectness,score,macro_score,lid_acc
0.35104815057755334,0.5315586414150312,0.13357871457003057,0.037425769425393766,0.08311967386460445,0.99
