prob,macro_prob,dialectness,score,macro_score,lid_acc
0.3990465179365128,0.6205006785708247,0.2227711748983711,0.09892608853301224,0.17236740906759077,0.99
