prob,macro_prob,dialectness,score,macro_score,lid_acc
0.5350383793759101,0.5580792979694524,0.1724373802356422,0.14772903278072747,0.1490918303161953,0.98
