prob,macro_prob,dialectness,score,macro_score,lid_acc
0.6263579838641453,0.6939747416814498,0.1445578116644174,0.11476363274675112,0.13684811710522893,1.0
