prob,macro_prob,dialectness,score,macro_score,lid_acc
0.12300353812635877,0.3569431058724877,0.3411021396704018,0.06341112922415934,0.15773095115513047,1.0
