prob,macro_prob,dialectness,score,macro_score,lid_acc
0.21158880981129605,0.5865821952853972,0.24285562491665283,0.06013533243334712,0.15543186231306005,0.9770114942528736
