prob,macro_prob,dialectness,score,macro_score,lid_acc
0.30973457312677055,0.31634108314232434,0.1890502165351063,0.13347699199107935,0.13411855105987833,0.99
