prob,macro_prob,dialectness,score,macro_score,lid_acc
0.07864998513459562,0.24721392622301117,0.18342205053434157,0.031617609621151885,0.0860576162611926,1.0
