prob,macro_prob,dialectness,score,macro_score,lid_acc
0.20672243211127353,0.21607252030356905,0.09240906714461744,0.08217863863613634,0.0824189435419597,1.0
