estimator,average_score,BTEC_score,FLORES_score,HABIBI_score,TWEET_score,mar_score,pse_score,sdn_score,kwt_score,average_line_prob,BTEC_line_prob,FLORES_line_prob,HABIBI_line_prob,TWEET_line_prob,mar_line_prob,pse_line_prob,sdn_line_prob,kwt_line_prob,average_line_macro_prob,BTEC_line_macro_prob,FLORES_line_macro_prob,HABIBI_line_macro_prob,TWEET_line_macro_prob,mar_line_macro_prob,pse_line_macro_prob,sdn_line_macro_prob,kwt_line_macro_prob,average_dialectness,BTEC_dialectness,FLORES_dialectness,HABIBI_dialectness,TWEET_dialectness,mar_dialectness,pse_dialectness,sdn_dialectness,kwt_dialectness
Blobheart:command-r-plus,0.049099212272600404,0.06000951576779347,0.049558965412466106,0.03570122927162596,0.05112713863851611,0.11719372523669647,0.0234999064953427,0.01629350352999158,0.013182688396037676,0.19992117824698122,0.20786564936832141,0.20091500365029788,0.1289544855265456,0.26194957444275996,0.4014198361230683,0.1371066010238704,0.12061190474645388,0.03655086622783289,0.3957788542773336,0.3223260338376748,0.36119356911265643,0.3892689215746319,0.5103268925843716,0.537506408503685,0.3179221629898154,0.22885851996421103,0.589729325253858,0.10689390444337643,0.10764738096804435,0.061612175785703584,0.1331542259626098,0.12516183505714792,0.13994002488567883,0.1129477882150102,0.07891010602764709,0.11557458403443698
