estimator,Flores200_En_to_DA,Flores200_MSA_to_DA,Madar26_MSA_to_DA,Flores200_DA_to_En,Flores200_DA_to_MSA,Madar26_DA_to_MSA,Average_EGY_to_MSA,Average_SAU_to_MSA,Average_SYR_to_MSA,Average_DZA_to_MSA,Average_MSA_to_DZA,Average_MSA_to_EGY,Average_MSA_to_SAU,Average_MSA_to_SYR,Average_EGY_to_ENG,Average_SAU_to_ENG,Average_SYR_to_ENG,Average_ENG_to_EGY,Average_ENG_to_SAU,Average_ENG_to_SYR
OpenAIAPI:gpt-4o-2024-05-13,,,0.25166396696877685,,,0.23083930666369984,0.3723826902935086,0.5572826817774276,0.33394542329851185,0.19514886696675654,0.1842606234417372,0.3735304433124348,0.3994782874960768,0.3228106709959436,0.37752003550244884,0.43928120610810223,0.42496881443875195,0.3023690899748801,0.3965843470537203,0.33660358872063
