acc,prob,macro_prob,dialectness,score,macro_score
0.010101010101010102,3.46712815114344e-05,0.0034533673591648387,0.0001380241127929302,4.737618141309561e-07,4.718814862378234e-05
