acc,prob,macro_prob,dialectness,score,macro_score
0.01,0.009681404829025268,0.00989751955261454,0.00029526777565479277,0.00028586068690798604,0.0002922418582800315
