acc,prob,macro_prob,dialectness,score,macro_score
0.01,3.105275332927704e-05,0.00013672144617885352,0.0032149583101272585,9.983330736829111e-06,4.395537495653218e-05
