acc,prob,macro_prob,dialectness,score,macro_score
0.01,8.267855271697044e-05,0.0008869743952527642,0.0,0.0,0.0
