acc,prob,macro_prob,dialectness,score,macro_score
0.010101010101010102,0.00017445056576921483,0.0025028841701721905,0.0014307717181215383,2.4710294635576498e-05,0.0003545245325572301
