acc,prob,macro_prob,dialectness,score,macro_score
0.43434343434343436,0.13938120898209758,0.14219294450918418,0.025473069587741235,0.010101265444487993,0.010211032681635477
