acc,prob,macro_prob,dialectness,score,macro_score
0.26,0.14749069714918733,0.15533352677884976,0.011726501006633043,0.005749844187164097,0.006413218755073665
