acc,prob,macro_prob,dialectness,score,macro_score
0.18,0.06842186615336686,0.1355669521348318,0.00034247566014528275,0.00022664595798865432,0.0003236583983372833
