acc,prob,macro_prob,dialectness,score,macro_score
0.47,0.13809487985039595,0.13983730210835346,0.010085729882121086,0.008226391032882377,0.008252148915522513
