acc,prob,macro_prob,dialectness,score,macro_score
0.32,0.07289493569929618,0.2411716164695099,0.00688211259432137,0.0012011293620941548,0.003440546862659789
