acc,prob,macro_prob,dialectness,score,macro_score
0.32323232323232326,0.09121116559547984,0.1118460000954766,0.04018274800042913,0.016522259887626137,0.01905905374475755
