acc,prob,macro_prob,dialectness,score,macro_score
0.24,0.11021360671846196,0.1264797442383133,0.0026604290399700405,0.001067332082924235,0.0017255036575565756
