acc,prob,macro_prob,dialectness,score,macro_score
0.27,0.11453001600923017,0.1266130249405978,0.0008038878068327903,0.000748453245210363,0.0007652181406624531
