acc,prob,macro_prob,dialectness,score,macro_score
0.31313131313131315,0.11144213283474491,0.13510121653653737,0.030859588212662874,0.0034708217821925306,0.0053507910802382055
