acc,prob,macro_prob,dialectness,score,macro_score
0.31313131313131315,0.12396508976382044,0.20677847110706316,0.04427054878136124,0.011512789462300188,0.029250976742750123
