acc,prob,macro_prob,dialectness,score,macro_score
0.23,0.05484556957700988,0.10739576596781263,0.02604573529213667,0.004518703263813702,0.016874237892484465
