acc,prob,macro_prob,dialectness,score,macro_score
0.24,0.03660007970640436,0.0639092641172465,0.0049350174516439435,0.0007924247838554135,0.0024919197640453712
