acc,prob,macro_prob,dialectness,score,macro_score
0.30303030303030304,0.05837618584528265,0.16565177389514643,0.010233203071461182,0.0016283417143602183,0.004344838844836252
