acc,prob,macro_prob,dialectness,score,macro_score
0.27,0.12937071413733064,0.16673539829062065,0.03374663544818759,0.008418941044789026,0.016069549411770166
