acc,prob,macro_prob,dialectness,score,macro_score
0.27,0.11545960192161146,0.11793404196563642,0.006150642512366176,0.005455215672437547,0.005479082389432848
