acc,prob,macro_prob,dialectness,score,macro_score
0.32,0.11789888254133984,0.1299658952766913,0.018532346887513994,0.009569987434575506,0.010269442157580178
