acc,prob,macro_prob,dialectness,score,macro_score
0.24,0.06622713999357074,0.1965769207442645,0.0014670715015381575,0.00046164646563956967,0.0013523346256274014
