acc,prob,macro_prob,dialectness,score,macro_score
0.35353535353535354,0.054282648802259845,0.21174684448098302,0.010492271226313379,0.0002015753338043391,0.0014775860782235218
