acc,prob,macro_prob,dialectness,score,macro_score
0.23,0.10205775279551745,0.1950471582694445,0.0014745732024312019,0.0009774052664435259,0.0013638898301981351
