acc,prob,macro_prob,dialectness,score,macro_score
0.37,0.11679096473963,0.14654832540778442,0.00716116345487535,0.0014365850611273204,0.003482581389884346
