acc,prob,macro_prob,dialectness,score,macro_score
0.3939393939393939,0.1187160788224469,0.1450574367302423,0.02008515242675338,0.003980216820025799,0.004656189619319547
