acc,prob,macro_prob,dialectness,score,macro_score
0.3333333333333333,0.12447736709792581,0.1620033347427685,0.04256090536864117,0.018808574468537727,0.030883975501751038
