acc,prob,macro_prob,dialectness,score,macro_score
0.3,0.060905361011391504,0.08804277210962028,0.017569594830274583,0.0069145439743536095,0.011960854536511318
