acc,prob,macro_prob,dialectness,score,macro_score
0.46,0.18194227552041412,0.20340664132323583,0.06667792001739144,0.028495525428161396,0.033962011267956956
