acc,prob,macro_prob,dialectness,score,macro_score
0.5053763440860215,0.010994086894820074,0.15393810878509046,0.17021219386789266,0.0027837699060697997,0.07225812330025735
