acc,prob,macro_prob,dialectness,score,macro_score
0.28,0.031698534936876965,0.14489611061377217,0.08665697885677219,0.016280594394529526,0.06541637239108136
