acc,prob,macro_prob,dialectness,score,macro_score
0.22,0.01993195468559861,0.07001735242112772,0.004641209542751312,0.002384126831124255,0.00300151736625072
