acc,prob,macro_prob,dialectness,score,macro_score
0.04,0.000721957633504644,0.002049241130007431,0.009244847297668456,1.0787100188872078e-05,0.00011012431335542805
