acc,prob,macro_prob,dialectness,score,macro_score
0.26,0.04171017880784347,0.14454778788494876,0.13670054386369884,0.026363047546493084,0.09560659798961577
