acc,prob,macro_prob,dialectness,score,macro_score
0.22,0.01749328434059862,0.050723977519082836,0.06770626525394619,0.00946844828693908,0.024923580173646306
