acc,prob,macro_prob,dialectness,score,macro_score
0.18,0.06611553118244046,0.07096764159578015,0.057389188203960655,0.040150167521181376,0.040246416656698536
