acc,prob,macro_prob,dialectness,score,macro_score
0.22,0.029487226145720344,0.1212305955743068,0.05845432738773525,0.02122506694494113,0.04323950779851901
