acc,prob,macro_prob,dialectness,score,macro_score
0.15,0.07138673863373697,0.09158708664646838,0.06213535768911242,0.04399191650128859,0.05221819162075882
