acc,prob,macro_prob,dialectness,score,macro_score
0.16,0.09676621121820063,0.1193716830649646,0.05394360223785043,0.04548305025716376,0.048551298475034234
