acc,prob,macro_prob,dialectness,score,macro_score
0.6282051282051282,0.03136803786783742,0.12181997411579897,0.20050670130727574,0.012804076486124746,0.04857016648550616
