acc,prob,macro_prob,dialectness,score,macro_score
0.37,0.07281299098132876,0.1091961874239496,0.06728751164395362,0.017207552929524125,0.029804453807368424
