acc,prob,macro_prob,dialectness,score,macro_score
0.21,0.022350784045556793,0.05193967792627518,0.03038854347076267,0.005540927893053831,0.01419299398866301
