acc,prob,macro_prob,dialectness,score,macro_score
0.21,0.023170296151656656,0.040565036527696066,0.024704335355199874,0.0053103465234905925,0.007569200374777992
