acc,prob,macro_prob,dialectness,score,macro_score
0.45,0.06350437327258987,0.1504785555813578,0.11652495759539307,0.03427443334191299,0.06720350787915573
