acc,prob,macro_prob,dialectness,score,macro_score
0.16,0.04774205771507695,0.0518716899039282,0.042020541448146105,0.02463869461765555,0.0246820821957444
