acc,prob,macro_prob,dialectness,score,macro_score
0.4482758620689655,0.05935034745817083,0.2698166033765903,0.1509985688260232,0.02644108888868341,0.1232920279441676
