acc,prob,macro_prob,dialectness,score,macro_score
0.12,0.025750667193788105,0.02934696550713852,0.01684143304824829,0.008184733313267889,0.008440133229785067
