acc,prob,macro_prob,dialectness,score,macro_score
0.15,0.006727877322118729,0.020001221054408234,0.006727120773866772,2.0492612075950907e-05,0.00016139574517436112
