acc,prob,macro_prob,dialectness,score,macro_score
0.5,0.0025998589071969036,0.22490484228947025,0.11653395590372384,0.0005995444608390575,0.04276551990340496
