acc,prob,macro_prob,dialectness,score,macro_score
0.1,0.028232202929211782,0.03133230037696194,0.020391299724578857,0.012655476451851635,0.012682374548322304
