acc,prob,macro_prob,dialectness,score,macro_score
0.38,0.024405742605449633,0.09533559446426806,0.030356154846958815,0.006512359412188767,0.015089714689789447
