acc,prob,macro_prob,dialectness,score,macro_score
0.53,0.036371689843945204,0.2154386376144248,0.06787192841991782,0.006186608869110281,0.04076127682265457
