acc,prob,macro_prob,dialectness,score,macro_score
0.38,0.06687088686478092,0.2253504329302814,0.04635534401983023,0.01722937334756711,0.033291302434487795
