acc,prob,macro_prob,dialectness,score,macro_score
0.08,0.061027971543371674,0.07080650249452447,0.04816297709941864,0.040667259582497464,0.044791012012627876
