acc,prob,macro_prob,dialectness,score,macro_score
0.4,0.02613002683967352,0.1836056363073294,0.003471962083131075,0.000768249227255924,0.0029680314682801016
