acc,prob,macro_prob,dialectness,score,macro_score
0.14,0.020274647288024427,0.04613573051639833,0.07727554067969322,0.01456927542156932,0.03483797808612832
