acc,prob,macro_prob,dialectness,score,macro_score
0.39,0.20373059259785806,0.25159884025881185,0.13394108415581285,0.09050929806993661,0.1015322405332333
