acc,prob,macro_prob,dialectness,score,macro_score
0.7564102564102564,0.03875914736776254,0.1897752133465987,0.31740613139640445,0.02311125984549036,0.10457428653967443
