acc,prob,macro_prob,dialectness,score,macro_score
0.73,0.5786778502538801,0.6205159743165132,0.4134890999272466,0.36407836729161014,0.38049803332745724
