acc,prob,macro_prob,dialectness,score,macro_score
0.6,0.17142105716571676,0.3339141755481251,0.24267606045119464,0.0938628047884677,0.1665195725432361
