acc,prob,macro_prob,dialectness,score,macro_score
0.78,0.5562241921818349,0.6341640496450418,0.5019927341584116,0.3978283043881072,0.4451739138492175
