acc,prob,macro_prob,dialectness,score,macro_score
0.68,0.48344877659343183,0.48682146272825777,0.48647165985777974,0.37448170095775296,0.37634735421873744
