acc,prob,macro_prob,dialectness,score,macro_score
0.71,0.2533794315565319,0.39500665587940603,0.40646003250032664,0.16460350048307568,0.27242151517260293
