acc,prob,macro_prob,dialectness,score,macro_score
0.64,0.09278760834378773,0.3472444574728433,0.21748459187336266,0.04784547443842528,0.13397790037025198
