acc,prob,macro_prob,dialectness,score,macro_score
0.8172043010752689,0.08413054594923104,0.2822196662692154,0.266243809713952,0.03944126276291794,0.1457230509210527
