acc,prob,macro_prob,dialectness,score,macro_score
0.8275862068965517,0.200548316234985,0.6503565147829887,0.5378314444003092,0.1449653171537044,0.44082809539459816
