acc,prob,macro_prob,dialectness,score,macro_score
0.72,0.5349940117262304,0.552906166324683,0.4925923371501267,0.40688926280363946,0.4190727096380759
