acc,prob,macro_prob,dialectness,score,macro_score
0.65,0.2641008156229509,0.5126212596835102,0.47929631352424623,0.2172148648004076,0.4112757452277364
