acc,prob,macro_prob,dialectness,score,macro_score
0.72,0.0883373499182926,0.25124460369246665,0.23732387485913933,0.03854169848316825,0.10938382083380098
