acc,prob,macro_prob,dialectness,score,macro_score
0.82,0.0852925103076268,0.39502551986108303,0.38740449300967156,0.05018368633301078,0.24389729451931286
