acc,prob,macro_prob,dialectness,score,macro_score
0.77,0.21160610911494587,0.6310041762517358,0.5472587425448,0.1587831086134937,0.49284135563536574
