acc,prob,macro_prob,dialectness,score,macro_score
0.82,0.09107278928160667,0.25213822204561437,0.43804234243929385,0.060077231210698516,0.16091052717826632
