acc,prob,macro_prob,dialectness,score,macro_score
0.63,0.039916358503251106,0.2299268930454855,0.10088565051555634,0.008910676898479913,0.06180107036203589
