acc,prob,macro_prob,dialectness,score,macro_score
0.8,0.23450412038713694,0.43025975155833296,0.35919692119583485,0.1478402190736143,0.25600748349742214
