acc,prob,macro_prob,dialectness,score,macro_score
0.49,0.050192843807744796,0.2507376260343881,0.049430845603346825,0.0021191034302999183,0.013849115830728786
