acc,prob,macro_prob,dialectness,score,macro_score
0.61,0.22516766594664658,0.4177453199654701,0.21636331476271153,0.12608170083006892,0.1770682243526066
