acc,prob,macro_prob,dialectness,score,macro_score
0.68,0.35056670853868127,0.36849786521168426,0.40940031765960155,0.27861054972045,0.29270951947377016
