acc,prob,macro_prob,dialectness,score,macro_score
0.55,0.38495307370088994,0.39702073179360015,0.2855559219047427,0.24883574068643852,0.25676403315269153
