acc,prob,macro_prob,dialectness,score,macro_score
0.69,0.08194902227594866,0.3269531213797745,0.24329726288095116,0.038527014258458,0.11696542571611562
