acc,prob,macro_prob,dialectness,score,macro_score
0.63,0.017764264734287282,0.30403662692566286,0.1504942864459008,0.011461212828959545,0.07534417543903682
