acc,prob,macro_prob,dialectness,score,macro_score
0.75,0.19104610734939342,0.3771639107775991,0.4368006799835712,0.14214059989149638,0.277802207125503
