acc,prob,macro_prob,dialectness,score,macro_score
0.84,0.45307852341793475,0.5652010533709836,0.44855506193824113,0.2887713536925833,0.3331151779652328
