acc,prob,macro_prob,dialectness,score,macro_score
0.8,0.5568253279506462,0.6132503635085595,0.5587993475515396,0.4418819496764631,0.47796514138025686
