acc,prob,macro_prob,dialectness,score,macro_score
0.72,0.09184098378784256,0.4250453448351618,0.22922525653615594,0.052462062035761835,0.15482803147816987
