acc,prob,macro_prob,dialectness,score,macro_score
0.69,0.31355286122779946,0.3993201476919057,0.31492847111076117,0.19651310256716725,0.23686845749352836
