estimator,status,progress,num_finish_reason_MAX_TOKENS,num_samples,num_skipped,num_from_cache,acc,line_acc,en_word%,out_of_range_word%,has_word_codeswitch,has_line_codeswitch,prob,line_prob,macro_prob,line_macro_prob,dialectness,line_dialectness,score,macro_score,prob/90%_ci_low,prob/90%_ci_high,dialectness/90%_ci_low,dialectness/90%_ci_high,score/90%_ci_low,score/90%_ci_high,macro_score/90%_ci_low,macro_score/90%_ci_high,insufficient_tokens,line_pass_rate,word_pass_rate,best_guess_dialect,best_guess_prob,errors,task_duration
Blobheart:command-r-plus,success,100.0%,95,99,0,0,0.9368421052631579,0.9368421052631579,0.036253605059866356,0.08331220978124826,0.09473684210526316,0.06315789473684211,0.1018027201343916,0.08768592019271301,0.4747786403523366,0.43840864499767407,0.21571026664398807,0.20817462183808774,0.04030293468148744,0.12082714121685631,0.07161986079714987,0.14168537223726832,0.16580430544755115,0.27226825040619684,0.023171318552960497,0.06797203383060244,0.08511541739137142,0.1676716459573237,4,0.9368421052631579,0.9662921348314607,Emirati Arabic,0.22315371280817903,{},144.73123970534652
