estimator,status,progress,num_finish_reason_MAX_TOKENS,num_samples,num_skipped,num_from_cache,acc,line_acc,en_word%,out_of_range_word%,has_word_codeswitch,has_line_codeswitch,prob,line_prob,macro_prob,line_macro_prob,dialectness,line_dialectness,score,macro_score,prob/90%_ci_low,prob/90%_ci_high,dialectness/90%_ci_low,dialectness/90%_ci_high,score/90%_ci_low,score/90%_ci_high,macro_score/90%_ci_low,macro_score/90%_ci_high,insufficient_tokens,line_pass_rate,word_pass_rate,best_guess_dialect,best_guess_prob,errors,task_duration
Blobheart:command-r-plus,success,100.0%,93,99,0,0,0.9354838709677419,0.9354838709677419,0.03289511713816066,0.0760967067174277,0.08602150537634409,0.06451612903225806,0.18958433231048447,0.22863911430261308,0.4692265275641725,0.4893939651546359,0.2859301104132707,0.27308976645820304,0.11281626761869554,0.24378179452006016,0.14476293793587375,0.24507143698983394,0.2316519816014801,0.3447303409506077,0.08216226433234491,0.15130983879017101,0.193908152899543,0.299806559077319,6,0.935483870967742,0.9770114942528736,Syrian Arabic,0.18958433231048447,{},180.01128794346005
