estimator,status,progress,num_finish_reason_MAX_TOKENS,num_samples,num_skipped,num_from_cache,acc,line_acc,en_word%,out_of_range_word%,has_word_codeswitch,has_line_codeswitch,prob,line_prob,macro_prob,line_macro_prob,dialectness,line_dialectness,score,macro_score,prob/90%_ci_low,prob/90%_ci_high,dialectness/90%_ci_low,dialectness/90%_ci_high,score/90%_ci_low,score/90%_ci_high,macro_score/90%_ci_low,macro_score/90%_ci_high,insufficient_tokens,line_pass_rate,word_pass_rate,best_guess_dialect,best_guess_prob,errors,task_duration
Blobheart:command-r-plus,success,100.0%,91,99,0,0,0.9120879120879121,0.9230769230769231,0.03517381800999802,0.0918338472828601,0.10989010989010989,0.07692307692307693,0.19308859155357272,0.23945221709404754,0.4430019003139223,0.4526771597959521,0.2718595875462947,0.2707323866188458,0.1036068057610864,0.1789266151049683,0.1424442863580606,0.2543122349418229,0.2171164921958431,0.33214022655777464,0.06980497941903868,0.1485679670899105,0.1319791287652117,0.235213918992509,8,0.9230769230769231,0.9523809523809523,Algerian Arabic,0.19308859155357272,{},135.067990552634
