estimator,status,progress,num_finish_reason_MAX_TOKENS,num_samples,num_skipped,num_from_cache,acc,line_acc,en_word%,out_of_range_word%,has_word_codeswitch,has_line_codeswitch,prob,line_prob,macro_prob,line_macro_prob,dialectness,line_dialectness,score,macro_score,prob/90%_ci_low,prob/90%_ci_high,dialectness/90%_ci_low,dialectness/90%_ci_high,score/90%_ci_low,score/90%_ci_high,macro_score/90%_ci_low,macro_score/90%_ci_high,insufficient_tokens,line_pass_rate,word_pass_rate,best_guess_dialect,best_guess_prob,errors,task_duration
Blobheart:command-r-plus,success,100.0%,94,99,0,0,0.925531914893617,0.9095744680851063,0.04283591049782878,0.09672084855693777,0.10638297872340426,0.09574468085106383,0.5182546683422419,0.47057952601530717,0.5255863502073013,0.47721414452547484,0.42348260011528915,0.4122393333382826,0.34075487623651696,0.34275709010732125,0.440381192312621,0.5963790885540028,0.36492139289912295,0.4818197582544502,0.2834057571254534,0.4012556208219371,0.28577819923061454,0.40361564165002234,5,0.9042553191489362,0.9764705882352941,Egyptian Arabic,0.5182546683422419,{},145.40505377482623
