estimator,average_line_prob,dza_line_prob,syr_line_prob,egy_line_prob,sau_line_prob,average_line_macro_prob,dza_line_macro_prob,syr_line_macro_prob,egy_line_macro_prob,sau_line_macro_prob,average_line_dialectness,dza_line_dialectness,syr_line_dialectness,egy_line_dialectness,sau_line_dialectness,average_score,dza_score,syr_score,egy_score,sau_score
Blobheart:command-r-plus,0.31590199479675696,0.27287957664558793,0.2832066316173978,0.6037555616450205,0.10376620927902158,0.5685535568266965,0.512273097904867,0.6136771405023698,0.6096170851143372,0.5386469037852121,0.2999773855299589,0.2964921376804488,0.3077105702057734,0.40242206626670785,0.19328476796690536,0.14915792812411452,0.12280927479168485,0.11541977683326378,0.32767848595939686,0.030724174912112576
