acc,prob,macro_prob,dialectness,score,macro_score
0.9,0.2756390261009801,0.5477857912075705,0.35545497085899114,0.15152943496841392,0.28211100490944413
