acc,prob,macro_prob,dialectness,score,macro_score
0.91,0.07211999582475982,0.5237166294583585,0.1456640838086605,0.021380408963706635,0.09277744249528597
