acc,prob,macro_prob,dialectness,score,macro_score
0.92,0.07533002556097927,0.3739997611849685,0.15432300188578665,0.014227806330257706,0.08546499001077354
