acc,prob,macro_prob,dialectness,score,macro_score
0.86,0.6166316236997954,0.6261437419301364,0.5794756734650582,0.47252652142280654,0.4783726690475785
