acc,prob,macro_prob,dialectness,score,macro_score
0.81,0.08403124906675657,0.44099625117727553,0.2502832229901105,0.046069993157547486,0.153928719291302
