acc,prob,macro_prob,dialectness,score,macro_score
0.91,0.607276189844124,0.6573377569884178,0.40075299206189813,0.35828498107204915,0.3696495206341843
