acc,prob,macro_prob,dialectness,score,macro_score
0.91,0.6262018957338296,0.6850161658474826,0.5470781863387674,0.4225734371731227,0.44567824961180635
