acc,prob,macro_prob,dialectness,score,macro_score
0.88,0.03470230096194427,0.37369773831553177,0.03679064191877842,0.0031858240239505493,0.012764522612953265
