acc,prob,macro_prob,dialectness,score,macro_score
0.93,0.15083571402559756,0.3806887494045077,0.2310813650023192,0.06472878759000171,0.15334582333299304
