acc,prob,macro_prob,dialectness,score,macro_score
0.946236559139785,0.13132330398851386,0.4516069893017962,0.4018598894478493,0.06913681522003744,0.24687149627272606
