acc,prob,macro_prob,dialectness,score,macro_score
0.86,0.26509980293689295,0.5396848623484403,0.31820620278827844,0.12040696439158907,0.20405789719722453
