acc,prob,macro_prob,dialectness,score,macro_score
0.74,0.04752813137078192,0.32431533372269766,0.18816619795747103,0.019322994860561195,0.07447093952721501
