acc,prob,macro_prob,dialectness,score,macro_score
0.91,0.143237589753262,0.3732486894777685,0.4161724746041,0.09609511769466879,0.22931349606772147
