acc,prob,macro_prob,dialectness,score,macro_score
0.94,0.44739463542064184,0.5623812260348495,0.5510618634708225,0.26656298010908475,0.33059102698060505
