acc,prob,macro_prob,dialectness,score,macro_score
0.896551724137931,0.1753529439089504,0.5592592086729289,0.5283364267570192,0.12466039117984919,0.3372826731156684
