acc,prob,macro_prob,dialectness,score,macro_score
0.91,0.10097350712108892,0.41370807167782914,0.28384961494244637,0.04511633045040662,0.17406907766173746
