acc,prob,macro_prob,dialectness,score,macro_score
0.81,0.23201006976596544,0.40894214619445846,0.38049350121989844,0.10237614782891216,0.20363886829676417
