acc,prob,macro_prob,dialectness,score,macro_score
0.8,0.018387692943797447,0.3695997117058141,0.19278140638954938,0.011691483966581418,0.09521839529884801
