acc,prob,macro_prob,dialectness,score,macro_score
0.78,0.3211881682090461,0.5104669141495833,0.4034204330481589,0.19771506446875528,0.3257595793961892
