acc,prob,macro_prob,dialectness,score,macro_score
0.89,0.5959993693692377,0.6422188187191205,0.5895145864691586,0.4024013315535296,0.4238511288862895
