acc,prob,macro_prob,dialectness,score,macro_score
0.85,0.30706473783677213,0.46379550430843663,0.3507256863173097,0.14682769958573888,0.2199691130384738
