acc,prob,macro_prob,dialectness,score,macro_score
0.95,0.5936322882154491,0.6224407255806728,0.4515701755415648,0.35921574283271096,0.3785970826577103
