acc,prob,macro_prob,dialectness,score,macro_score
0.85,0.36738468190596907,0.6830929126231058,0.5719860932789743,0.27063748946631394,0.48423537452009385
