acc,prob,macro_prob,dialectness,score,macro_score
0.84,0.6317314489022828,0.6399148569695535,0.6143795878253877,0.5177602824027696,0.5242119730250274
