acc,prob,macro_prob,dialectness,score,macro_score
0.91,0.6604395976325032,0.6658773789813859,0.5732485959865152,0.49163841707906514,0.4942204082934827
