acc,prob,macro_prob,dialectness,score,macro_score
0.8589743589743589,0.033800545741075605,0.11198114466298228,0.3427425493629506,0.01833946431876225,0.04404858841796043
