acc,prob,macro_prob,dialectness,score,macro_score
0.92,0.2908867692876083,0.6725701952073723,0.5189602150674909,0.171659963071231,0.3947312026845339
