acc,prob,macro_prob,dialectness,score,macro_score
0.88,0.08304255697701592,0.24034118201088858,0.40964318537153305,0.053669649491401634,0.142005920531577
