prob,dialectness,score,macro_score,SpBLEU_corpus_score,ChrF_corpus_score
0.08389826180267847,0.041560044236830435,0.006611800140422874,0.029315199528545145,0.03601688218395638,0.17050304840365796
