prob,dialectness,score,macro_score,SpBLEU_corpus_score,ChrF_corpus_score
0.113460483145318,0.029751597690046764,0.003167391985588354,0.018009011954287214,0.06647962054999774,0.27705745281928096
