prob,dialectness,score,macro_score,SpBLEU_corpus_score,ChrF_corpus_score
0.107423447654146,0.04587435941415606,0.005328049087580332,0.008327162158746477,0.05500060658584108,0.24442794925281297
