prob,dialectness,score,macro_score,SpBLEU_corpus_score,ChrF_corpus_score
0.006567249564541271,0.009075968145043588,0.0008974467287785529,0.004149484540882133,0.04544284468564875,0.10442577724006565
