prob,dialectness,score,macro_score,SpBLEU_corpus_score,ChrF_corpus_score
0.029155465071089567,0.04433827408967773,0.004174774548749063,0.006087123825944579,0.022890432891872405,0.12282132887512248
