prob,dialectness,score,macro_score,SpBLEU_corpus_score,ChrF_corpus_score
0.0487916382063122,0.0565622376758256,0.014891179685806272,0.020841051629199726,0.027827771554592755,0.1427991374094105
