prob,dialectness,score,macro_score,SpBLEU_corpus_score,ChrF_corpus_score
0.07437759086489677,0.04270884529920295,0.0025168290034032893,0.005061528983367024,0.036243143535202256,0.21230360862872766
