prob,dialectness,score,macro_score,SpBLEU_corpus_score,ChrF_corpus_score
0.029994165257303394,0.01184501890296815,0.0007664828025682311,0.004097736600495482,0.10459372339056165,0.19147250281990297
