prob,dialectness,score,macro_score,SpBLEU_corpus_score,ChrF_corpus_score
0.026656062329602718,0.033990639202529566,0.0010290100423302688,0.002743146386949613,0.04982611263880529,0.234473563654416
