prob,dialectness,score,macro_score,SpBLEU_corpus_score,ChrF_corpus_score
0.0721532769643818,0.06892412353219697,0.0215745978809373,0.0345278180128919,0.05081126038073135,0.2408761327616654
