prob,dialectness,score,macro_score,SpBLEU_corpus_score,ChrF_corpus_score
0.03804455527344544,0.008575014895759523,0.00036910117802450024,0.002117688396000592,0.22686697556712596,0.35868648411389176
