prob,dialectness,score,macro_score,SpBLEU_corpus_score,ChrF_corpus_score
0.09256934546974663,0.054447731472610034,0.012350585676833418,0.015075194576142148,0.028357572452708965,0.13716211363328087
