prob,dialectness,score,macro_score,SpBLEU_corpus_score,ChrF_corpus_score
0.030618669818722993,0.007692875401407946,0.0002853731438323258,0.0022355068953746767,0.5214182014594381,0.5429052985411593
