prob,dialectness,score,macro_score,SpBLEU_corpus_score,ChrF_corpus_score
0.033018315529770914,0.022828372778312768,0.004977889445713174,0.008046576509677503,0.06917565072785364,0.16160639637422722
