prob,dialectness,score,macro_score,SpBLEU_corpus_score,ChrF_corpus_score
0.025044276409353187,0.04085662483295891,0.0011589269345825045,0.0041015952540015815,0.02442894047266235,0.14222166299134342
