prob,dialectness,score,macro_score,SpBLEU_corpus_score,ChrF_corpus_score
0.04519975693336164,0.03416266073007137,0.0011147360114266889,0.002918354866859283,0.04962542993975282,0.23617947220386662
