prob,dialectness,score,macro_score,SpBLEU_corpus_score,ChrF_corpus_score
0.023445816438324982,0.008808171970013063,0.0003542783600331343,0.002192280099946244,0.1894919240941945,0.2839359908004197
