prob,dialectness,score,macro_score,SpBLEU_corpus_score,ChrF_corpus_score
0.005932107572953101,0.04095092054049019,0.0007892071333454658,0.004265358233997172,0.021346605421327398,0.11546353711214125
