prob,dialectness,score,macro_score,SpBLEU_corpus_score,ChrF_corpus_score
0.050139646655879916,0.007964491904131137,0.0012099719742058913,0.004140501039053623,0.13729320732362452,0.2332255777966117
