prob,dialectness,score,macro_score,SpBLEU_corpus_score,ChrF_corpus_score
0.02420767462142976,0.03381764243153157,0.002326226255821012,0.004340579240399444,0.017057279418350862,0.09678141669665237
