prob,dialectness,score,macro_score,SpBLEU_corpus_score,ChrF_corpus_score
0.03272871198329085,0.013965998709318228,0.0007870843726115022,0.0016259411184679454,0.27694559279310516,0.3812039042216074
