prob,dialectness,score,macro_score,SpBLEU_corpus_score,ChrF_corpus_score
0.02334550087514799,0.0011720213835360483,0.00017922387013632923,0.0002585320041998536,0.02105367306482524,0.050685135485871474
