prob,dialectness,score,macro_score,SpBLEU_corpus_score,ChrF_corpus_score
0.029978320219233866,0.007551573395030573,0.00025756954032806823,0.0008295966847169439,0.06676286644549942,0.16243179524050932
