prob,dialectness,score,macro_score,SpBLEU_corpus_score,ChrF_corpus_score
0.11303958266595146,0.061378023818833755,0.010770592262563999,0.02434764720884319,0.06051033510986672,0.2692714852267445
