estimator,status,progress,num_finish_reason_COMPLETE,num_samples,num_skipped,num_from_cache,response_spBLEU,response_chrF,dialectid_score,dialectid_prob,dialectness,macro_prob,macro_score,response_spBLEU/90%_ci_low,response_spBLEU/90%_ci_high,response_chrF/90%_ci_low,response_chrF/90%_ci_high,dialectid_score/90%_ci_low,dialectid_score/90%_ci_high,BLEU_corpus_score,ChrF_corpus_score,SpBLEU_corpus_score,errors,task_duration
Blobheart:command-r,success,100.0%,200,200,0,0,22.260274345089154,40.19687102278592,0.0002572452529315731,0.048547982144955315,0.010894479282433167,0.16634323057325673,0.0016833340965610602,20.628171699874205,24.0350213350334,38.703793184761786,41.78696407383383,0.00014932265682948177,0.0005063448986763367,0.1004343650787783,0.4023471081285875,0.2103907185648511,{},38.40075464401161
