estimator,status,progress,num_finish_reason_COMPLETE,num_samples,num_skipped,num_from_cache,response_spBLEU,response_chrF,dialectid_score,dialectid_prob,dialectness,macro_prob,macro_score,response_spBLEU/90%_ci_low,response_spBLEU/90%_ci_high,response_chrF/90%_ci_low,response_chrF/90%_ci_high,dialectid_score/90%_ci_low,dialectid_score/90%_ci_high,BLEU_corpus_score,ChrF_corpus_score,SpBLEU_corpus_score,errors,task_duration
Blobheart:command-r,success,100.0%,200,200,0,200,13.843919732077481,26.642345761425105,0.010043043649571466,0.024377430613130854,0.07937248722882942,0.07333229598838444,0.027192294731568034,12.238019466270705,15.942247354389789,24.924502099411725,28.625237081964514,0.004873268074559797,0.01999160236268293,0.041883445501403625,0.2739483091895346,0.10243029503154245,{},7.727921945974231
