estimator,status,progress,num_finish_reason_COMPLETE,num_samples,num_skipped,num_from_cache,response_spBLEU,response_chrF,dialectid_score,dialectid_prob,dialectness,macro_prob,macro_score,response_spBLEU/90%_ci_low,response_spBLEU/90%_ci_high,response_chrF/90%_ci_low,response_chrF/90%_ci_high,dialectid_score/90%_ci_low,dialectid_score/90%_ci_high,BLEU_corpus_score,ChrF_corpus_score,SpBLEU_corpus_score,errors,task_duration
Blobheart:command-r,success,100.0%,200,200,0,0,30.000765057351913,46.69318459423946,0.0006929529608992349,0.0794184692788258,0.007887989440059756,0.5774397554647658,0.004565559941532696,28.09458564672559,31.996039775449123,44.98386686664232,48.416095595640144,0.00038129598084663457,0.001294103309830995,0.19020522269259707,0.4646479098170402,0.2937190790124398,{},37.91972828800499
