estimator,Flores200_En_to_DA,Flores200_MSA_to_DA,Madar26_MSA_to_DA,Flores200_DA_to_En,Flores200_DA_to_MSA,Madar26_DA_to_MSA,Average_EGY_to_MSA,Average_SAU_to_MSA,Average_SYR_to_MSA,Average_DZA_to_MSA,Average_MSA_to_DZA,Average_MSA_to_EGY,Average_MSA_to_SAU,Average_MSA_to_SYR,Average_EGY_to_ENG,Average_SAU_to_ENG,Average_SYR_to_ENG,Average_ENG_to_EGY,Average_ENG_to_SAU,Average_ENG_to_SYR
Blobheart:command-r,,,0.0915648585047583,,,0.17525171665691122,0.2863988537258633,0.3214019286046961,0.27298397749902203,0.15910435002683246,0.034522319111119755,0.21589332893149055,0.14606737214306714,0.11861826442621007,0.3464557825692568,0.38944868504554253,0.3750013017704453,0.224610499859844,0.2937190790124398,0.2103907185648511
