estimator,status,progress,num_finish_reason_MAX_TOKENS,num_finish_reason_COMPLETE,num_samples,num_skipped,num_from_cache,acc,line_acc,en_word%,out_of_range_word%,has_word_codeswitch,has_line_codeswitch,prob,line_prob,macro_prob,line_macro_prob,dialectness,line_dialectness,score,macro_score,prob/90%_ci_low,prob/90%_ci_high,dialectness/90%_ci_low,dialectness/90%_ci_high,score/90%_ci_low,score/90%_ci_high,macro_score/90%_ci_low,macro_score/90%_ci_high,insufficient_tokens,line_pass_rate,word_pass_rate,best_guess_dialect,best_guess_prob,errors,task_duration
Blobheart:command-r-plus,success,100.0%,90,7,99,0,0,0.8865979381443299,0.8450171821305842,0.07387178093383545,0.17504702429526459,0.29896907216494845,0.27835051546391754,0.16585128787981787,0.07465316001781906,0.3196322950570527,0.2634677876761548,0.1060893374288781,0.09975154678461065,0.02310566808353282,0.08448174106568793,0.12028531498291357,0.22462010253024142,0.07212650598567791,0.15194358588567305,0.014357135674820276,0.036989177630591966,0.052779540162891034,0.12775544419367477,2,0.7216494845360825,0.9428571428571428,Palestinian Arabic,0.16585128787981787,{},100.6435565110296
