estimator,status,progress,num_finish_reason_MAX_TOKENS,num_finish_reason_COMPLETE,num_samples,num_skipped,num_from_cache,acc,line_acc,en_word%,out_of_range_word%,has_word_codeswitch,has_line_codeswitch,prob,line_prob,macro_prob,line_macro_prob,dialectness,line_dialectness,score,macro_score,prob/90%_ci_low,prob/90%_ci_high,dialectness/90%_ci_low,dialectness/90%_ci_high,score/90%_ci_low,score/90%_ci_high,macro_score/90%_ci_low,macro_score/90%_ci_high,insufficient_tokens,line_pass_rate,word_pass_rate,best_guess_dialect,best_guess_prob,errors,task_duration
Blobheart:command-r-plus,success,100.0%,86,8,99,0,0,0.9042553191489362,0.8648936170212768,0.061673499112967836,0.1541148027501918,0.2765957446808511,0.2553191489361702,0.08364450489108927,0.027498722352283175,0.5492501139408287,0.5145642489731743,0.0637875709037465,0.05954462124940077,0.008706870155399223,0.048619878145490375,0.04959296385900389,0.13569613731171018,0.038016960170207545,0.10520847315298533,0.003976415207453389,0.01833732608767886,0.026927347960060893,0.08604764564489403,5,0.7446808510638299,0.9428571428571428,Emirati Arabic,0.22475406187066332,{},126.76359352003783
