estimator,status,progress,num_finish_reason_MAX_TOKENS,num_finish_reason_COMPLETE,num_samples,num_skipped,num_from_cache,acc,line_acc,en_word%,out_of_range_word%,has_word_codeswitch,has_line_codeswitch,prob,line_prob,macro_prob,line_macro_prob,dialectness,line_dialectness,score,macro_score,prob/90%_ci_low,prob/90%_ci_high,dialectness/90%_ci_low,dialectness/90%_ci_high,score/90%_ci_low,score/90%_ci_high,macro_score/90%_ci_low,macro_score/90%_ci_high,insufficient_tokens,line_pass_rate,word_pass_rate,best_guess_dialect,best_guess_prob,errors,task_duration
Blobheart:command-r-plus,success,100.0%,86,8,99,0,2,0.7872340425531915,0.74468085106383,0.11232422817111277,0.28715751260477745,0.3617021276595745,0.35106382978723405,0.10646117866618876,0.10956451095556444,0.2591509429519337,0.24611506712600648,0.061367413964112626,0.05610315318127305,0.03451960945787389,0.04939489676283149,0.06665649056000664,0.1625366206249681,0.03841545973715553,0.09866878821396813,0.01638216622726989,0.06878267939050302,0.027510240096122632,0.08646564049016765,5,0.648936170212766,0.4426229508196722,Emirati Arabic,0.17362930077874905,{},65.73753711999962
