estimator,status,progress,num_finish_reason_MAX_TOKENS,num_finish_reason_COMPLETE,num_samples,num_skipped,num_from_cache,acc,line_acc,en_word%,out_of_range_word%,has_word_codeswitch,has_line_codeswitch,prob,line_prob,macro_prob,line_macro_prob,dialectness,line_dialectness,score,macro_score,prob/90%_ci_low,prob/90%_ci_high,dialectness/90%_ci_low,dialectness/90%_ci_high,score/90%_ci_low,score/90%_ci_high,macro_score/90%_ci_low,macro_score/90%_ci_high,insufficient_tokens,line_pass_rate,word_pass_rate,best_guess_dialect,best_guess_prob,errors,task_duration
Blobheart:command-r-plus,success,100.0%,91,9,100,0,0,1.0,0.9916666666666666,0.0051508944169680855,0.02622331768020836,0.04,0.02,0.07835600978694857,0.08841345353517681,0.7612769205938094,0.6946708205412142,0.025407698968192564,0.02816813504381571,0.0005424597120297311,0.024660810303268336,0.05205060581241746,0.11866451522963196,0.012230965013023377,0.049552913814596596,0.00023401488296898062,0.0012408751448640804,0.011848359924725714,0.04849659161126486,0,0.98,0.9795918367346939,Emirati Arabic,0.41703369877766816,{},97.14109484944493
