estimator,status,progress,num_finish_reason_MAX_TOKENS,num_finish_reason_COMPLETE,num_samples,num_skipped,num_from_cache,acc,line_acc,en_word%,out_of_range_word%,has_word_codeswitch,has_line_codeswitch,prob,line_prob,macro_prob,line_macro_prob,dialectness,line_dialectness,score,macro_score,prob/90%_ci_low,prob/90%_ci_high,dialectness/90%_ci_low,dialectness/90%_ci_high,score/90%_ci_low,score/90%_ci_high,macro_score/90%_ci_low,macro_score/90%_ci_high,insufficient_tokens,line_pass_rate,word_pass_rate,best_guess_dialect,best_guess_prob,errors,task_duration
Blobheart:command-r-plus,success,100.0%,94,5,100,0,0,0.9696969696969697,0.9730639730639732,0.004140296308299874,0.045584366250724664,0.04040404040404041,0.030303030303030304,0.26170523637935705,0.24486378706257314,0.4407179965136392,0.4176958121695659,0.10024789639047789,0.10026479738306641,0.04713717707250206,0.09217856939151689,0.1992469199788345,0.3353119486825737,0.07141455332097638,0.14135424247853628,0.02803361953316363,0.07804178524546981,0.0637442242587951,0.1327560697100072,1,0.9696969696969697,0.9583333333333334,Emirati Arabic,0.29184715054409505,{},73.85160334200009
