estimator,status,progress,num_finish_reason_MAX_TOKENS,num_finish_reason_COMPLETE,num_samples,num_skipped,num_from_cache,acc,line_acc,en_word%,out_of_range_word%,has_word_codeswitch,has_line_codeswitch,prob,line_prob,macro_prob,line_macro_prob,dialectness,line_dialectness,score,macro_score,prob/90%_ci_low,prob/90%_ci_high,dialectness/90%_ci_low,dialectness/90%_ci_high,score/90%_ci_low,score/90%_ci_high,macro_score/90%_ci_low,macro_score/90%_ci_high,insufficient_tokens,line_pass_rate,word_pass_rate,best_guess_dialect,best_guess_prob,errors,task_duration
Blobheart:command-r-plus,success,100.0%,87,10,99,0,0,0.8762886597938144,0.8415807560137456,0.06589377411381178,0.19016577266259121,0.26804123711340205,0.24742268041237114,0.19530156114589922,0.12874871170143454,0.20068541113869287,0.13380590957630253,0.09290823465232383,0.07626299732307708,0.07545250728878693,0.07564233930357574,0.14358487248012494,0.25613686908666483,0.05956153806853606,0.13767804160336877,0.045002650815973336,0.11978470564498313,0.04517325165211001,0.12010322644396447,2,0.7525773195876289,0.6438356164383562,Egyptian Arabic,0.19530156114589922,{},313.7427367229993
