estimator,status,progress,num_finish_reason_MAX_TOKENS,num_finish_reason_COMPLETE,num_samples,num_skipped,num_from_cache,acc,line_acc,en_word%,out_of_range_word%,has_word_codeswitch,has_line_codeswitch,prob,line_prob,macro_prob,line_macro_prob,dialectness,line_dialectness,score,macro_score,prob/90%_ci_low,prob/90%_ci_high,dialectness/90%_ci_low,dialectness/90%_ci_high,score/90%_ci_low,score/90%_ci_high,macro_score/90%_ci_low,macro_score/90%_ci_high,insufficient_tokens,line_pass_rate,word_pass_rate,best_guess_dialect,best_guess_prob,errors,task_duration
Blobheart:command-r-plus,success,100.0%,89,6,99,0,0,0.8210526315789474,0.764736842105263,0.10352204712553968,0.24647623408908878,0.35789473684210527,0.3263157894736842,0.152666967701608,0.08720794406621472,0.2770578602157337,0.20899760929598032,0.06975489170903242,0.0650001525293766,0.039630156404344224,0.05889133565150083,0.10797260918401029,0.21222755086593723,0.04218918483143745,0.11200995479329445,0.02107427781580485,0.07224481631764809,0.032761642405229344,0.10017928784656843,4,0.6736842105263158,0.46875,Syrian Arabic,0.152666967701608,{},630.2371800029996
