estimator,status,progress,num_finish_reason_MAX_TOKENS,num_finish_reason_COMPLETE,num_samples,num_skipped,num_from_cache,acc,line_acc,en_word%,out_of_range_word%,has_word_codeswitch,has_line_codeswitch,prob,line_prob,macro_prob,line_macro_prob,dialectness,line_dialectness,score,macro_score,prob/90%_ci_low,prob/90%_ci_high,dialectness/90%_ci_low,dialectness/90%_ci_high,score/90%_ci_low,score/90%_ci_high,macro_score/90%_ci_low,macro_score/90%_ci_high,insufficient_tokens,line_pass_rate,word_pass_rate,best_guess_dialect,best_guess_prob,errors,task_duration
Blobheart:command-r-plus,success,100.0%,95,5,100,0,0,1.0,0.9966666666666666,0.002269230769230769,0.006026981190255936,0.02,0.01,0.1147824991098605,0.11276378956390545,0.6547255389759085,0.5394509113125969,0.021024265052983538,0.02301602381669606,0.0023937335909078143,0.018495282084652783,0.08186216579801407,0.1608932365452163,0.009161261372923767,0.047511487138353715,0.0005445683249367539,0.0067190164235625014,0.0072307681106634795,0.045025739699053484,0,0.99,0.98989898989899,Emirati Arabic,0.2855824595456943,{},106.07856529671699
