estimator,status,progress,num_finish_reason_MAX_TOKENS,num_finish_reason_COMPLETE,num_samples,num_skipped,num_from_cache,acc,line_acc,en_word%,out_of_range_word%,has_word_codeswitch,has_line_codeswitch,prob,line_prob,macro_prob,line_macro_prob,dialectness,line_dialectness,score,macro_score,prob/90%_ci_low,prob/90%_ci_high,dialectness/90%_ci_low,dialectness/90%_ci_high,score/90%_ci_low,score/90%_ci_high,macro_score/90%_ci_low,macro_score/90%_ci_high,insufficient_tokens,line_pass_rate,word_pass_rate,best_guess_dialect,best_guess_prob,errors,task_duration
Blobheart:command-r-plus,success,100.0%,85,10,99,0,0,0.8315789473684211,0.7949122807017546,0.08951284146799902,0.2253811120662267,0.3263157894736842,0.30526315789473685,0.09897705641158513,0.06264856289520762,0.19093737710071237,0.13977460969043407,0.09476359033172851,0.08926654999326147,0.02689286470832565,0.06248021222927034,0.05965849562596875,0.15443150573963088,0.06048634492608746,0.14236779649061948,0.011919672917069859,0.054936429612054145,0.03553975957642457,0.1035418202002607,4,0.6947368421052631,0.9242424242424242,Emirati Arabic,0.16514823414556878,{},98.30643904581666
