estimator,status,progress,num_finish_reason_MAX_TOKENS,num_finish_reason_COMPLETE,num_samples,num_skipped,num_from_cache,acc,line_acc,en_word%,out_of_range_word%,has_word_codeswitch,has_line_codeswitch,prob,line_prob,macro_prob,line_macro_prob,dialectness,line_dialectness,score,macro_score,prob/90%_ci_low,prob/90%_ci_high,dialectness/90%_ci_low,dialectness/90%_ci_high,score/90%_ci_low,score/90%_ci_high,macro_score/90%_ci_low,macro_score/90%_ci_high,insufficient_tokens,line_pass_rate,word_pass_rate,best_guess_dialect,best_guess_prob,errors,task_duration
Blobheart:command-r-plus,success,100.0%,89,4,99,0,0,0.8602150537634409,0.8057347670250896,0.09367177673923517,0.21370515605725282,0.34408602150537637,0.2903225806451613,0.3288383050896828,0.27519407847480626,0.38352479211263474,0.3856444663000612,0.13668191200247415,0.13420712809471871,0.12245989300018703,0.12805978794153405,0.26342180169873736,0.40432599456358365,0.09990737830141658,0.1853950123914828,0.08660376897390569,0.17053381527719547,0.09141233726400219,0.17716233213929372,6,0.7096774193548387,0.9090909090909091,Moroccan Arabic,0.3288383050896828,{},88.97623263765126
