estimator,status,progress,num_finish_reason_MAX_TOKENS,num_finish_reason_COMPLETE,num_samples,num_skipped,num_from_cache,acc,line_acc,en_word%,out_of_range_word%,has_word_codeswitch,has_line_codeswitch,prob,line_prob,macro_prob,line_macro_prob,dialectness,line_dialectness,score,macro_score,prob/90%_ci_low,prob/90%_ci_high,dialectness/90%_ci_low,dialectness/90%_ci_high,score/90%_ci_low,score/90%_ci_high,macro_score/90%_ci_low,macro_score/90%_ci_high,insufficient_tokens,line_pass_rate,word_pass_rate,best_guess_dialect,best_guess_prob,errors,task_duration
Blobheart:command-r-plus,success,100.0%,89,7,99,0,0,0.875,0.8295138888888888,0.07510056752181458,0.2036606566734971,0.28125,0.2708333333333333,0.08145199526855625,0.03992837774118622,0.4769555181856049,0.4502980819637135,0.02489321637888982,0.016289879458377576,0.005586226088380274,0.012720334971847486,0.053847879890726515,0.1219521130445905,0.016492748331934863,0.03805569350902695,0.0021730499798906814,0.013843837806856786,0.007494354622363632,0.021314832692695355,3,0.7291666666666667,0.6142857142857143,Emirati Arabic,0.19867586515465518,{},71.73622655399959
