estimator,status,progress,num_finish_reason_MAX_TOKENS,num_finish_reason_COMPLETE,num_samples,num_skipped,num_from_cache,acc,line_acc,en_word%,out_of_range_word%,has_word_codeswitch,has_line_codeswitch,prob,line_prob,macro_prob,line_macro_prob,dialectness,line_dialectness,score,macro_score,prob/90%_ci_low,prob/90%_ci_high,dialectness/90%_ci_low,dialectness/90%_ci_high,score/90%_ci_low,score/90%_ci_high,macro_score/90%_ci_low,macro_score/90%_ci_high,insufficient_tokens,line_pass_rate,word_pass_rate,best_guess_dialect,best_guess_prob,errors,task_duration
Blobheart:command-r-plus,success,100.0%,91,9,100,0,54,0.99,0.9816666666666666,0.007005305461589614,0.017567017929079772,0.03,0.03,0.25610000524902715,0.2540849518124014,0.40631329697091134,0.4081157829123549,0.010950617227936164,0.01452181874017697,0.007338085394683387,0.009670423828193542,0.20098733880662703,0.31984108045036314,0.0037623645303502427,0.02894261552849216,0.0020791151895196646,0.0249055107436887,0.002579700988973623,0.027492483739076187,0,0.97,0.9690721649484536,Syrian Arabic,0.25610000524902715,{},343.2538162230012
