estimator,status,progress,num_finish_reason_MAX_TOKENS,num_finish_reason_COMPLETE,num_samples,num_skipped,num_from_cache,acc,line_acc,en_word%,out_of_range_word%,has_word_codeswitch,has_line_codeswitch,prob,line_prob,macro_prob,line_macro_prob,dialectness,line_dialectness,score,macro_score,prob/90%_ci_low,prob/90%_ci_high,dialectness/90%_ci_low,dialectness/90%_ci_high,score/90%_ci_low,score/90%_ci_high,macro_score/90%_ci_low,macro_score/90%_ci_high,insufficient_tokens,line_pass_rate,word_pass_rate,best_guess_dialect,best_guess_prob,errors,task_duration
Blobheart:command-r-plus,success,100.0%,93,7,100,0,1,0.99,0.985,0.006817372115754865,0.015496158289150203,0.05,0.04,0.14355145415698645,0.09340564984013326,0.5786619034246542,0.503582452639239,0.0024628351535648106,0.00909262020199094,0.0005936576552976416,0.0010286352951229818,0.10434397245842197,0.19240562457058613,0.001225431744314962,0.004861519578869893,0.0002394645095113867,0.0013482358568282114,0.00048276950613412455,0.0020298138194264756,0,0.96,0.9479166666666666,Emirati Arabic,0.29746247045928614,{},732.0957480649995
