estimator,average_line_prob,kwt_line_prob,sdn_line_prob,mar_line_prob,pse_line_prob,average_line_macro_prob,kwt_line_macro_prob,sdn_line_macro_prob,mar_line_macro_prob,pse_line_macro_prob,average_line_dialectness,kwt_line_dialectness,sdn_line_dialectness,mar_line_dialectness,pse_line_dialectness,average_score,kwt_score,sdn_score,mar_score,pse_score
Blobheart:command-r-plus,0.15113379748888145,0.0762253218171218,0.11896453570293695,0.3033275239776626,0.10601780845780451,0.36927372645829953,0.5828953269423285,0.18514761555389492,0.3910807924627161,0.31797117087425875,0.07176238213915893,0.03690959336997084,0.056459745284995706,0.12139471113567185,0.07228547876599736,0.037726589942354664,0.0038810211527789224,0.01642266185543753,0.11398389132112713,0.016618785440075064
