estimator,status,progress,num_finish_reason_MAX_TOKENS,num_samples,num_skipped,num_from_cache,acc,line_acc,en_word%,out_of_range_word%,has_word_codeswitch,has_line_codeswitch,prob,line_prob,macro_prob,line_macro_prob,dialectness,line_dialectness,score,macro_score,prob/90%_ci_low,prob/90%_ci_high,dialectness/90%_ci_low,dialectness/90%_ci_high,score/90%_ci_low,score/90%_ci_high,macro_score/90%_ci_low,macro_score/90%_ci_high,insufficient_tokens,line_pass_rate,word_pass_rate,best_guess_dialect,best_guess_prob,errors,task_duration
Blobheart:command-r-plus,success,100.0%,99,100,0,0,0.030303030303030304,0.025252525252525252,0.4599506606840251,0.9624855434605545,0.9696969696969697,0.9797979797979798,0.00026661768612084967,0.00016307686878876254,0.011429339875420086,0.015577383373506518,4.0194894554037035e-05,0.0,5.235712095999122e-07,9.929913270091307e-06,7.234794097115296e-05,0.0007205652496354146,0.0,0.00016077957821614814,0.0,2.0942848383996486e-06,0.0,3.971965308036523e-05,1,0.02020202020202022,1.0,Emirati Arabic,0.007889464196532664,{},120.96075615473092
