estimator,status,progress,num_finish_reason_MAX_TOKENS,num_samples,num_skipped,num_from_cache,acc,line_acc,en_word%,out_of_range_word%,has_word_codeswitch,has_line_codeswitch,prob,line_prob,macro_prob,line_macro_prob,dialectness,line_dialectness,score,macro_score,prob/90%_ci_low,prob/90%_ci_high,dialectness/90%_ci_low,dialectness/90%_ci_high,score/90%_ci_low,score/90%_ci_high,macro_score/90%_ci_low,macro_score/90%_ci_high,insufficient_tokens,line_pass_rate,word_pass_rate,best_guess_dialect,best_guess_prob,errors,task_duration
Blobheart:command-r-plus,success,100.0%,99,100,0,0,0.04040404040404041,0.023569023569023566,0.4445638873168967,0.9670001772392738,0.98989898989899,0.98989898989899,0.017764027785472196,0.015662404774415373,0.019961173007631616,0.017384860472932383,0.002132628456397791,0.0,8.42082605198905e-05,0.00019369121833876922,0.000944619941892046,0.052131389728700274,0.0003035576506094499,0.008929994902714636,1.898724517446776e-05,0.00026114679852083807,5.3278673252192576e-05,0.0004877499992864368,1,0.010101010101010055,-97.0,Syrian Arabic,0.017764027785472196,{},46.603970622993074
