estimator,status,progress,num_finish_reason_MAX_TOKENS,num_samples,num_skipped,num_from_cache,acc,line_acc,en_word%,out_of_range_word%,has_word_codeswitch,has_line_codeswitch,prob,line_prob,macro_prob,line_macro_prob,dialectness,line_dialectness,score,macro_score,prob/90%_ci_low,prob/90%_ci_high,dialectness/90%_ci_low,dialectness/90%_ci_high,score/90%_ci_low,score/90%_ci_high,macro_score/90%_ci_low,macro_score/90%_ci_high,insufficient_tokens,line_pass_rate,word_pass_rate,best_guess_dialect,best_guess_prob,errors,task_duration
Blobheart:command-r-plus,success,100.0%,100,100,0,0,0.04,0.025,0.449052365578664,0.9591233324963582,0.99,0.99,0.02020140002248809,0.010336593547835947,0.024788120418088512,0.011929909945465625,0.0023936574906110765,0.0,0.0018209812923753188,0.0020878524103802943,0.002668064783792943,0.05877991549670696,0.0006445033848285675,0.006450837627053261,9.867937356180522e-05,0.005413604190345054,0.0005383157536979133,0.005892384306379692,0,0.010000000000000009,-98.0,Algerian Arabic,0.02020140002248809,{},46.561409175017616
