estimator,status,progress,num_finish_reason_MAX_TOKENS,num_samples,num_skipped,num_from_cache,acc,line_acc,en_word%,out_of_range_word%,has_word_codeswitch,has_line_codeswitch,prob,line_prob,macro_prob,line_macro_prob,dialectness,line_dialectness,score,macro_score,prob/90%_ci_low,prob/90%_ci_high,dialectness/90%_ci_low,dialectness/90%_ci_high,score/90%_ci_low,score/90%_ci_high,macro_score/90%_ci_low,macro_score/90%_ci_high,insufficient_tokens,line_pass_rate,word_pass_rate,best_guess_dialect,best_guess_prob,errors,task_duration
Blobheart:command-r-plus,success,100.0%,92,99,0,0,0.10869565217391304,0.0878623188405797,0.4219268757339342,0.8880188497655794,0.9456521739130435,0.9347826086956522,0.024099389931349004,0.005096941916828813,0.0672758365101839,0.057079516204438456,0.002607307007090877,0.0005544391523985921,0.00020514078688158255,0.001324121768450267,0.01003424779302873,0.055278473559729285,0.0010008803927268506,0.006070279018750506,8.353582017952088e-05,0.0005057012862260219,0.00029422706475311166,0.004614646100013901,7,0.06521739130434778,-13.5,Emirati Arabic,0.024321496527156105,{},50.03297517201281
