estimator,status,progress,num_finish_reason_MAX_TOKENS,num_samples,num_skipped,num_from_cache,acc,line_acc,en_word%,out_of_range_word%,has_word_codeswitch,has_line_codeswitch,prob,line_prob,macro_prob,line_macro_prob,dialectness,line_dialectness,score,macro_score,prob/90%_ci_low,prob/90%_ci_high,dialectness/90%_ci_low,dialectness/90%_ci_high,score/90%_ci_low,score/90%_ci_high,macro_score/90%_ci_low,macro_score/90%_ci_high,insufficient_tokens,line_pass_rate,word_pass_rate,best_guess_dialect,best_guess_prob,errors,task_duration
Blobheart:command-r-plus,success,100.0%,92,99,0,0,0.14130434782608695,0.1391304347826087,0.40032138543699125,0.8530963820997206,0.9021739130434783,0.8913043478260869,0.033245443092828675,0.0034258037099473017,0.03655485887271504,0.007900735375385368,0.0035634402529862914,0.0026168123659917387,0.001685351278622067,0.0017443151675850634,0.012188028407644921,0.07877148386458323,0.001509568411047044,0.008152004450403197,0.0002852758024015062,0.006762599643395685,0.0003140349723096297,0.0070053975738916295,7,0.10869565217391308,0.8,Sudanese Arabic,0.033245443092828675,{},102.5686323652044
