estimator,status,progress,num_finish_reason_MAX_TOKENS,num_samples,num_skipped,num_from_cache,acc,line_acc,en_word%,out_of_range_word%,has_word_codeswitch,has_line_codeswitch,prob,line_prob,macro_prob,line_macro_prob,dialectness,line_dialectness,score,macro_score,prob/90%_ci_low,prob/90%_ci_high,dialectness/90%_ci_low,dialectness/90%_ci_high,score/90%_ci_low,score/90%_ci_high,macro_score/90%_ci_low,macro_score/90%_ci_high,insufficient_tokens,line_pass_rate,word_pass_rate,best_guess_dialect,best_guess_prob,errors,task_duration
Blobheart:command-r-plus,success,100.0%,89,99,0,0,0.15730337078651685,0.1323167469234885,0.3839903713102222,0.8452790705215883,0.9101123595505618,0.898876404494382,0.053884170577976474,0.045526526122762076,0.06961264006834048,0.07379312958016343,0.013998594721046727,0.010064594685893562,0.009316718033156717,0.00970302821763253,0.028380777272647366,0.09850404060570025,0.005587664757216914,0.03227651511187791,0.0008809579672401764,0.02727864369428267,0.0013893342560691183,0.027662090980136687,10,0.101123595505618,0.7777777777777778,Moroccan Arabic,0.053884170577976474,{},100.02849022112787
