estimator,status,progress,num_finish_reason_MAX_TOKENS,num_samples,num_skipped,num_from_cache,acc,line_acc,en_word%,out_of_range_word%,has_word_codeswitch,has_line_codeswitch,prob,line_prob,macro_prob,line_macro_prob,dialectness,line_dialectness,score,macro_score,prob/90%_ci_low,prob/90%_ci_high,dialectness/90%_ci_low,dialectness/90%_ci_high,score/90%_ci_low,score/90%_ci_high,macro_score/90%_ci_low,macro_score/90%_ci_high,insufficient_tokens,line_pass_rate,word_pass_rate,best_guess_dialect,best_guess_prob,errors,task_duration
Blobheart:command-r-plus,success,100.0%,93,99,0,0,0.10752688172043011,0.11433691756272399,0.4088984362866687,0.8790345161777742,0.946236559139785,0.9139784946236559,0.01366545234916992,0.013535086511163622,0.014017470147190314,0.014819167005474008,0.0035246784989071147,0.013115419866016475,0.0013198349880283598,0.0013268376955655767,0.0029376075704252583,0.052305604954320024,0.0013400739239108179,0.008579166661422645,1.3752376256126255e-05,0.006524575129185205,1.72672889324944e-05,0.006511590556765122,6,0.08602150537634412,-10.0,Emirati Arabic,0.027489240468424613,{},50.882692434010096
