estimator,status,progress,num_finish_reason_MAX_TOKENS,num_samples,num_skipped,num_from_cache,acc,line_acc,en_word%,out_of_range_word%,has_word_codeswitch,has_line_codeswitch,prob,line_prob,macro_prob,line_macro_prob,dialectness,line_dialectness,score,macro_score,prob/90%_ci_low,prob/90%_ci_high,dialectness/90%_ci_low,dialectness/90%_ci_high,score/90%_ci_low,score/90%_ci_high,macro_score/90%_ci_low,macro_score/90%_ci_high,insufficient_tokens,line_pass_rate,word_pass_rate,best_guess_dialect,best_guess_prob,errors,task_duration
Blobheart:command-r-plus,success,100.0%,92,99,0,0,0.11956521739130435,0.10217391304347827,0.4091782666208859,0.8770701710544573,0.9347826086956522,0.9130434782608695,0.002216506675999288,0.007219090976792833,0.017391597650914817,0.035469727993072214,0.0044810579287434885,0.008162281539230406,0.00012899833342210453,0.0011787134261790392,0.00112699475884153,0.004439291075540015,0.0013054284664458069,0.01227233553339283,1.4789263583281532e-05,0.0003704993954379529,7.236396943753185e-05,0.0034928494388476276,7,0.08695652173913049,0.75,Emirati Arabic,0.041945238957060094,{},111.79260997008532
