estimator,status,progress,num_finish_reason_MAX_TOKENS,num_samples,num_skipped,num_from_cache,acc,line_acc,en_word%,out_of_range_word%,has_word_codeswitch,has_line_codeswitch,prob,line_prob,macro_prob,line_macro_prob,dialectness,line_dialectness,score,macro_score,prob/90%_ci_low,prob/90%_ci_high,dialectness/90%_ci_low,dialectness/90%_ci_high,score/90%_ci_low,score/90%_ci_high,macro_score/90%_ci_low,macro_score/90%_ci_high,insufficient_tokens,line_pass_rate,word_pass_rate,best_guess_dialect,best_guess_prob,errors,task_duration
Blobheart:command-r-plus,success,100.0%,93,99,0,0,0.15053763440860216,0.142831541218638,0.388433874950347,0.8516455060259834,0.9247311827956989,0.9032258064516129,0.025055794999183666,0.021041537901657,0.038986970939653455,0.03442928803551401,0.004804407957420554,0.0032802284006730365,0.0027321374613464323,0.003363465101034139,0.008410359667151264,0.06641947458177865,0.0021573685269842867,0.009601237226304616,0.0005825850418421888,0.007767212692832712,0.0012829561494098057,0.007991478734925983,6,0.09677419354838712,-8.555555555555555,Emirati Arabic,0.038899761219058304,{},52.21266863000346
