estimator,status,progress,num_finish_reason_MAX_TOKENS,num_samples,num_skipped,num_from_cache,acc,line_acc,en_word%,out_of_range_word%,has_word_codeswitch,has_line_codeswitch,prob,line_prob,macro_prob,line_macro_prob,dialectness,line_dialectness,score,macro_score,prob/90%_ci_low,prob/90%_ci_high,dialectness/90%_ci_low,dialectness/90%_ci_high,score/90%_ci_low,score/90%_ci_high,macro_score/90%_ci_low,macro_score/90%_ci_high,insufficient_tokens,line_pass_rate,word_pass_rate,best_guess_dialect,best_guess_prob,errors,task_duration
Blobheart:command-r-plus,success,100.0%,92,99,0,0,0.16304347826086957,0.15217391304347827,0.3904520798310463,0.8501488150495671,0.8804347826086957,0.8695652173913043,0.013966032007137192,0.010694449161351456,0.07952933849130363,0.08489086502611273,0.010115414447879986,0.0032053674626892994,0.0015404469461198778,0.007260291426323769,0.003440415652125322,0.05202712239009653,0.00450075683192223,0.023261606622512466,0.00014679303082558605,0.004509491983808184,0.0029277623387824175,0.017437558537858364,7,0.13043478260869568,0.8333333333333334,Moroccan Arabic,0.03453865704005179,{},122.97966755647212
