estimator,status,progress,num_finish_reason_MAX_TOKENS,num_samples,num_skipped,num_from_cache,acc,line_acc,en_word%,out_of_range_word%,has_word_codeswitch,has_line_codeswitch,prob,line_prob,macro_prob,line_macro_prob,dialectness,line_dialectness,score,macro_score,prob/90%_ci_low,prob/90%_ci_high,dialectness/90%_ci_low,dialectness/90%_ci_high,score/90%_ci_low,score/90%_ci_high,macro_score/90%_ci_low,macro_score/90%_ci_high,insufficient_tokens,line_pass_rate,word_pass_rate,best_guess_dialect,best_guess_prob,errors,task_duration
Blobheart:command-r-plus,success,100.0%,99,100,0,0,0.050505050505050504,0.04040404040404041,0.4424775164278604,0.9439710190144606,0.9696969696969697,0.9696969696969697,0.00454808623445305,0.0021721653151090697,0.009749050600209622,0.020278080667585435,0.001303995968868034,6.599437840508692e-05,4.438338651222249e-06,3.609716121672142e-05,0.0003764436608462623,0.02070199100375928,0.00029893665376937753,0.004618110567933381,1.2932812225243407e-06,1.5166792159840313e-05,0.0,0.00010829148365016427,1,0.030303030303030276,1.0,Emirati Arabic,0.02083132898604328,{},125.86158081609756
