estimator,status,progress,num_finish_reason_MAX_TOKENS,num_samples,num_skipped,num_from_cache,acc,line_acc,en_word%,out_of_range_word%,has_word_codeswitch,has_line_codeswitch,prob,line_prob,macro_prob,line_macro_prob,dialectness,line_dialectness,score,macro_score,prob/90%_ci_low,prob/90%_ci_high,dialectness/90%_ci_low,dialectness/90%_ci_high,score/90%_ci_low,score/90%_ci_high,macro_score/90%_ci_low,macro_score/90%_ci_high,insufficient_tokens,line_pass_rate,word_pass_rate,best_guess_dialect,best_guess_prob,errors,task_duration
Blobheart:command-r-plus,success,100.0%,100,100,0,0,0.04,0.025,0.44572990463654955,0.9633864711798834,0.99,0.99,0.019621422715717925,0.00017463547876104713,0.019930517370230518,0.0008929682220332325,0.002325431890785694,0.0,0.001930605458929163,0.0019354776139062218,5.134071805514395e-05,0.05881719035678543,0.0007091855257749558,0.006201966137599044,4.556745714816464e-07,0.005791132864930266,6.4887299096182995e-06,0.005796699746854238,0,0.010000000000000009,1.0,Sudanese Arabic,0.019621422715717925,{},111.14706163480878
