estimator,status,progress,num_finish_reason_MAX_TOKENS,num_samples,num_skipped,num_from_cache,acc,line_acc,en_word%,out_of_range_word%,has_word_codeswitch,has_line_codeswitch,prob,line_prob,macro_prob,line_macro_prob,dialectness,line_dialectness,score,macro_score,prob/90%_ci_low,prob/90%_ci_high,dialectness/90%_ci_low,dialectness/90%_ci_high,score/90%_ci_low,score/90%_ci_high,macro_score/90%_ci_low,macro_score/90%_ci_high,insufficient_tokens,line_pass_rate,word_pass_rate,best_guess_dialect,best_guess_prob,errors,task_duration
Blobheart:command-r-plus,success,100.0%,93,99,0,0,0.0967741935483871,0.07885304659498207,0.4080890726031799,0.890235246012186,0.9354838709677419,0.946236559139785,0.02105451464873328,0.015064725286818,0.029784683665756376,0.031384096239312924,0.005239487495473636,0.0012016303949959337,0.002444500427494478,0.003001654338090291,0.0011147683278576591,0.06180873767248145,0.0019570112388621096,0.014141043206653254,2.3182978770329894e-05,0.00974444528274038,0.0003683765311496977,0.01294542083332141,6,0.053763440860215006,-16.4,Emirati Arabic,0.028040601369318983,{},51.67867355799535
