estimator,average_line_prob,kwt_line_prob,sdn_line_prob,mar_line_prob,pse_line_prob,average_line_macro_prob,kwt_line_macro_prob,sdn_line_macro_prob,mar_line_macro_prob,pse_line_macro_prob,average_line_dialectness,kwt_line_dialectness,sdn_line_dialectness,mar_line_dialectness,pse_line_dialectness,average_score,kwt_score,sdn_score,mar_score,pse_score
Blobheart:command-r-plus,0.007659532991697573,0.0036558119947311322,0.0012412813031688278,0.022122083054994635,0.0036189556138957,0.023555892638890175,0.038991878531180565,0.003019906313595551,0.03200508282535784,0.020206702885426746,0.0032646042362110975,0.002578965262750219,0.0008722707886639129,0.006338626871460446,0.003268554021969812,0.0016572111381812403,0.0005136568391098259,0.0012053189125170766,0.004865389910406949,4.4478890691108925e-05
