prob,macro_prob,dialectness,score,macro_score,lid_acc
0.0480900385073619,0.6441644511796767,0.23473340331576764,0.009570976387540085,0.13018150812429477,1.0
