prob,macro_prob,dialectness,score,macro_score,lid_acc
0.11453819767339155,0.6659812089428305,0.23539673739112912,0.03682192379545681,0.10314513559160728,1.0
