prob,macro_prob,dialectness,score,macro_score,lid_acc
0.04960643584505306,0.5253218414270668,0.07364144274033606,0.0026105157786240622,0.02717552702939342,1.0
