prob,macro_prob,dialectness,score,macro_score,lid_acc
0.3199268174827739,0.7803640406615159,0.27520233802497385,0.09888426310773062,0.1912892124555879,1.0
