prob,macro_prob,dialectness,score,macro_score,lid_acc
0.3359495728518232,0.5790020430783624,0.4826917289383709,0.2203453101492815,0.3564203472064507,0.96
