prob,macro_prob,dialectness,score,macro_score,lid_acc
0.47246204644994577,0.47567475174582796,0.49228310607373715,0.300629543276508,0.30157042349615915,1.0
