prob,macro_prob,dialectness,score,macro_score,lid_acc
0.12723711752914824,0.383962124317477,0.422420798484236,0.06916198793098255,0.20837690959571117,1.0
