prob,macro_prob,dialectness,score,macro_score,lid_acc
0.41385894197635936,0.44328577831256555,0.37759649286046626,0.2384620076542609,0.24473996671464163,1.0
