prob,macro_prob,dialectness,score,macro_score,lid_acc
0.4986274578713346,0.6878326441817626,0.5143277471140028,0.3222785012758673,0.42738179120107117,0.96
