prob,macro_prob,dialectness,score,macro_score,lid_acc
0.4696323107674834,0.4751420068673906,0.4504784184135497,0.3313039442182008,0.33319314150193113,0.99
