prob,macro_prob,dialectness,score,macro_score,lid_acc
0.5187988378328737,0.7342803546326467,0.4058100374415517,0.22463179969123323,0.36626286968674365,0.99
