prob,macro_prob,dialectness,score,macro_score,lid_acc
0.16770587399078069,0.5232213961723028,0.2810822177492082,0.07480302042884864,0.2074687573231452,1.0
