prob,macro_prob,dialectness,score,macro_score,lid_acc
0.39390302523970605,0.40340919709182343,0.27007217968814073,0.20904894291496906,0.2121214485130554,1.0
