prob,macro_prob,dialectness,score,macro_score,lid_acc
0.21956067763909232,0.4805144519964233,0.42495539045892655,0.11636615868630558,0.2302029505353101,0.97
