prob,macro_prob,dialectness,score,macro_score,lid_acc
0.2835262349061668,0.6685983018047409,0.522771578123793,0.1887531423166907,0.4354396473361389,1.0
