estimator,average_score,BTEC_score,FLORES_score,HABIBI_score,TWEET_score,egy_score,sau_score,syr_score,dza_score,average_line_prob,BTEC_line_prob,FLORES_line_prob,HABIBI_line_prob,TWEET_line_prob,egy_line_prob,sau_line_prob,syr_line_prob,dza_line_prob,average_line_macro_prob,BTEC_line_macro_prob,FLORES_line_macro_prob,HABIBI_line_macro_prob,TWEET_line_macro_prob,egy_line_macro_prob,sau_line_macro_prob,syr_line_macro_prob,dza_line_macro_prob,average_line_dialectness,BTEC_line_dialectness,FLORES_line_dialectness,HABIBI_line_dialectness,TWEET_line_dialectness,egy_line_dialectness,sau_line_dialectness,syr_line_dialectness,dza_line_dialectness
Blobheart:command-r-plus,0.16205320496162445,0.17756196372737149,0.09548746769337145,0.1243322691393085,0.2508311192864463,0.2761689070335639,0.03771879422320252,0.14048740503359675,0.22662112884372232,0.2959157799850815,0.29175080039584733,0.2083700781176594,0.22232410967225955,0.4612181317545597,0.42694258806399316,0.10348633879711447,0.30264121687155565,0.3980006089043304,0.5402276497700728,0.5744994626051994,0.4572052217912278,0.4690779963719436,0.6601279183119207,0.43378318617606976,0.5623603308809384,0.5926990784748949,0.6103555974674417,0.36184165377067273,0.3988675873514425,0.2161364053190401,0.4120597089449692,0.42030291346723925,0.39869339786630803,0.20717730623271866,0.4165129930712218,0.4945984221102433
