estimator,status,progress,num_finish_reason_MAX_TOKENS,num_samples,num_skipped,num_from_cache,acc,line_acc,en_word%,out_of_range_word%,has_word_codeswitch,has_line_codeswitch,prob,line_prob,macro_prob,line_macro_prob,dialectness,line_dialectness,score,macro_score,prob/90%_ci_low,prob/90%_ci_high,dialectness/90%_ci_low,dialectness/90%_ci_high,score/90%_ci_low,score/90%_ci_high,macro_score/90%_ci_low,macro_score/90%_ci_high,insufficient_tokens,line_pass_rate,word_pass_rate,best_guess_dialect,best_guess_prob,errors,task_duration
Blobheart:command-r,success,100.0%,100,100,0,0,0.02,0.006666666666666666,0.45253066326365393,0.967437821367625,1.0,1.0,0.0007252935681026428,0.0013116566836833953,0.009392675185081316,0.004743159026838839,0.00417632594704628,0.0001657305285334587,0.0001283595201580712,0.0016514071283987026,1.9484645454213022e-05,0.003529044613242149,0.0,0.01212322637438774,4.724335353322191e-06,0.000618175924023745,2.2015244563282137e-05,0.008146959419177102,0,0.0,-99.0,Algerian Arabic,0.008636748591670766,{},24.05184736000956
