estimator,status,progress,num_finish_reason_MAX_TOKENS,num_samples,num_skipped,num_from_cache,acc,line_acc,en_word%,out_of_range_word%,has_word_codeswitch,has_line_codeswitch,prob,line_prob,macro_prob,line_macro_prob,dialectness,line_dialectness,score,macro_score,prob/90%_ci_low,prob/90%_ci_high,dialectness/90%_ci_low,dialectness/90%_ci_high,score/90%_ci_low,score/90%_ci_high,macro_score/90%_ci_low,macro_score/90%_ci_high,insufficient_tokens,line_pass_rate,word_pass_rate,best_guess_dialect,best_guess_prob,errors,task_duration
Blobheart:command-r,success,100.0%,93,99,0,0,0.053763440860215055,0.04838709677419355,0.43312864441514287,0.935259596055047,0.946236559139785,0.956989247311828,0.013948399713763627,0.0035989481438782507,0.019822167447938393,0.008208805257679834,0.0026469970552591227,0.00010810324782004921,0.0006008279757810063,0.0006871513952433183,0.002759260716297293,0.05358232631218271,0.00099830537713984,0.0066982035835584,8.058023285032957e-05,0.002250247704457585,0.00013445095556232186,0.0024073534321176694,6,0.043010752688172005,-21.0,Saudi Arabic,0.014924390312855041,{},27.13580387001275
