estimator,status,progress,num_finish_reason_MAX_TOKENS,num_finish_reason_COMPLETE,num_samples,num_skipped,num_from_cache,acc,line_acc,en_word%,out_of_range_word%,has_word_codeswitch,has_line_codeswitch,prob,line_prob,macro_prob,line_macro_prob,dialectness,line_dialectness,score,macro_score,prob/90%_ci_low,prob/90%_ci_high,dialectness/90%_ci_low,dialectness/90%_ci_high,score/90%_ci_low,score/90%_ci_high,macro_score/90%_ci_low,macro_score/90%_ci_high,insufficient_tokens,line_pass_rate,word_pass_rate,best_guess_dialect,best_guess_prob,errors,task_duration
Blobheart:command-r,success,100.0%,92,1,99,0,0,0.021505376344086023,0.021505376344086023,0.45011923505629314,0.9597757698713306,0.956989247311828,0.978494623655914,0.005686690620276877,0.0008549689846013182,0.012632916352250964,0.008811961068341168,4.741825884388339e-05,4.037247309761662e-05,2.4752080272427343e-05,3.8885151667840794e-05,7.384427652884555e-05,0.028138075995269,0.0,0.00018967303537553357,0.0,9.900832108970937e-05,0.0,0.00015554060667136318,6,0.021505376344086002,-43.5,Saudi Arabic,0.005686690620276877,{},26.088021142000798
