estimator,status,progress,num_finish_reason_MAX_TOKENS,num_samples,num_skipped,num_from_cache,acc,line_acc,en_word%,out_of_range_word%,has_word_codeswitch,has_line_codeswitch,prob,line_prob,macro_prob,line_macro_prob,dialectness,line_dialectness,score,macro_score,prob/90%_ci_low,prob/90%_ci_high,dialectness/90%_ci_low,dialectness/90%_ci_high,score/90%_ci_low,score/90%_ci_high,macro_score/90%_ci_low,macro_score/90%_ci_high,insufficient_tokens,line_pass_rate,word_pass_rate,best_guess_dialect,best_guess_prob,errors,task_duration
Blobheart:command-r,success,100.0%,95,99,0,0,0.07368421052631578,0.05719298245614035,0.4356270802160946,0.9260259081962627,0.9263157894736842,0.968421052631579,0.03155928024728047,0.0019887698961323814,0.03259936504335584,0.0025198004208505155,0.002469259950847022,0.0015041812335288055,0.0007640415086235815,0.0007782940983372214,0.012761024640578973,0.0676236433638873,0.0009523408977608932,0.006215043393497437,0.00022182223263725122,0.002351474796315651,0.00023051428836275977,0.0023802028949065483,4,0.03157894736842104,-28.333333333333332,Egyptian Arabic,0.03155928024728047,{},27.187923029996455
