estimator,status,progress,num_finish_reason_MAX_TOKENS,num_samples,num_skipped,num_from_cache,acc,line_acc,en_word%,out_of_range_word%,has_word_codeswitch,has_line_codeswitch,prob,line_prob,macro_prob,line_macro_prob,dialectness,line_dialectness,score,macro_score,prob/90%_ci_low,prob/90%_ci_high,dialectness/90%_ci_low,dialectness/90%_ci_high,score/90%_ci_low,score/90%_ci_high,macro_score/90%_ci_low,macro_score/90%_ci_high,insufficient_tokens,line_pass_rate,word_pass_rate,best_guess_dialect,best_guess_prob,errors,task_duration
Blobheart:command-r,success,100.0%,96,99,0,5,0.0625,0.05486111111111111,0.45005051349387637,0.929014775081283,0.9479166666666666,0.9583333333333334,0.015836299450408358,0.01305305313083712,0.019384959300320286,0.01769549037029113,0.0014536223801163335,0.00016140417978426235,1.2649017411471564e-05,2.6660804965951716e-05,0.004172210882340248,0.052518753774863515,0.0003546111596127351,0.005385899285753838,2.7505991315909862e-06,3.7517199129639576e-05,7.81314987325349e-06,7.161863691576427e-05,3,0.04166666666666663,1.0,Moroccan Arabic,0.015836299450408358,{},28.795988731086254
