estimator,status,progress,num_finish_reason_MAX_TOKENS,num_samples,num_skipped,num_from_cache,acc,line_acc,en_word%,out_of_range_word%,has_word_codeswitch,has_line_codeswitch,prob,line_prob,macro_prob,line_macro_prob,dialectness,line_dialectness,score,macro_score,prob/90%_ci_low,prob/90%_ci_high,dialectness/90%_ci_low,dialectness/90%_ci_high,score/90%_ci_low,score/90%_ci_high,macro_score/90%_ci_low,macro_score/90%_ci_high,insufficient_tokens,line_pass_rate,word_pass_rate,best_guess_dialect,best_guess_prob,errors,task_duration
Blobheart:command-r,success,100.0%,94,99,0,5,0.10638297872340426,0.10549645390070922,0.4201134415917817,0.8779961322760502,0.9042553191489362,0.925531914893617,0.0004841533441225344,0.0006264183060959615,0.007976136731969669,0.0035671245584145504,0.004303943732396719,0.009219009240144693,1.5448045048071168e-05,0.000425303287506518,0.00023983042044441102,0.0009232525535698545,0.0018561166671520852,0.009378744398398172,6.878636681634627e-06,3.8038989895338345e-05,0.0001008707914774602,0.0016055784152967346,5,0.07446808510638303,1.0,Emirati Arabic,0.03415056913496649,{},27.934943572618067
