estimator,status,progress,num_finish_reason_MAX_TOKENS,num_samples,num_skipped,num_from_cache,acc,line_acc,en_word%,out_of_range_word%,has_word_codeswitch,has_line_codeswitch,prob,line_prob,macro_prob,line_macro_prob,dialectness,line_dialectness,score,macro_score,prob/90%_ci_low,prob/90%_ci_high,dialectness/90%_ci_low,dialectness/90%_ci_high,score/90%_ci_low,score/90%_ci_high,macro_score/90%_ci_low,macro_score/90%_ci_high,insufficient_tokens,line_pass_rate,word_pass_rate,best_guess_dialect,best_guess_prob,errors,task_duration
Blobheart:command-r,success,100.0%,91,99,0,5,0.06593406593406594,0.057561486132914695,0.4310726179173116,0.9220646104938055,0.945054945054945,0.978021978021978,0.0005841118662239431,0.0007500948517450265,0.004176534942586671,0.006554180900770966,0.0017371419612522963,0.0024570547549170015,2.416347738518465e-05,0.00015511580856463283,0.0002311069753716935,0.0014055005601319526,0.0007003609827914081,0.0039489655848639685,5.1364923018774565e-06,8.139750706345038e-05,3.8892991440663724e-05,0.0005096152106661144,8,0.02197802197802201,1.0,Emirati Arabic,0.03261119929643778,{},28.898343285545707
