estimator,status,progress,num_finish_reason_MAX_TOKENS,num_samples,num_skipped,num_from_cache,acc,line_acc,en_word%,out_of_range_word%,has_word_codeswitch,has_line_codeswitch,prob,line_prob,macro_prob,line_macro_prob,dialectness,line_dialectness,score,macro_score,prob/90%_ci_low,prob/90%_ci_high,dialectness/90%_ci_low,dialectness/90%_ci_high,score/90%_ci_low,score/90%_ci_high,macro_score/90%_ci_low,macro_score/90%_ci_high,insufficient_tokens,line_pass_rate,word_pass_rate,best_guess_dialect,best_guess_prob,errors,task_duration
Blobheart:command-r,success,100.0%,100,100,0,5,0.04,0.030333333333333337,0.474599290792924,0.9529306197122023,0.99,0.98,0.009973760484717787,0.001717394378501922,0.012502318155020476,0.006766921179369092,0.001856340765953064,0.0011713287234306334,0.0008834108478441938,0.000987068055986552,0.00040994513779878615,0.04780137281864882,0.0004266248643398285,0.005127861328634499,1.6894809133788936e-05,0.004330223595338728,7.519976078618429e-05,0.004458657055566446,0,0.020000000000000018,0.5,Emirati Arabic,0.011856628810055553,{},24.603814849629998
