estimator,status,progress,num_finish_reason_MAX_TOKENS,num_finish_reason_COMPLETE,num_samples,num_skipped,num_from_cache,acc,line_acc,en_word%,out_of_range_word%,has_word_codeswitch,has_line_codeswitch,prob,line_prob,macro_prob,line_macro_prob,dialectness,line_dialectness,score,macro_score,prob/90%_ci_low,prob/90%_ci_high,dialectness/90%_ci_low,dialectness/90%_ci_high,score/90%_ci_low,score/90%_ci_high,macro_score/90%_ci_low,macro_score/90%_ci_high,insufficient_tokens,line_pass_rate,word_pass_rate,best_guess_dialect,best_guess_prob,errors,task_duration
Blobheart:command-r,success,100.0%,92,1,99,0,0,0.06451612903225806,0.06541218637992831,0.427512015122019,0.9258203327551943,0.9139784946236559,0.956989247311828,0.011359006007482369,0.008954443451848322,0.02206169566707886,0.030423566084405187,0.0021521690331639783,0.0025774145690393786,0.0010454908729898584,0.0012229601261348995,0.0006657702427717947,0.053552313111483146,0.0004997485948185767,0.005951247365538229,1.048228595786908e-05,0.0051773329097860084,0.00016560291509626668,0.005266931507733992,6,0.043010752688172005,-20.25,Emirati Arabic,0.01566068246342262,{},27.486200293991715
