estimator,status,progress,num_finish_reason_MAX_TOKENS,num_finish_reason_COMPLETE,num_samples,num_skipped,num_from_cache,acc,line_acc,en_word%,out_of_range_word%,has_word_codeswitch,has_line_codeswitch,prob,line_prob,macro_prob,line_macro_prob,dialectness,line_dialectness,score,macro_score,prob/90%_ci_low,prob/90%_ci_high,dialectness/90%_ci_low,dialectness/90%_ci_high,score/90%_ci_low,score/90%_ci_high,macro_score/90%_ci_low,macro_score/90%_ci_high,insufficient_tokens,line_pass_rate,word_pass_rate,best_guess_dialect,best_guess_prob,errors,task_duration
Blobheart:command-r,success,100.0%,89,1,99,0,5,0.08888888888888889,0.10277777777777777,0.4225903047549322,0.89198820412709,0.9111111111111111,0.9111111111111111,0.0009925688752749314,0.00039409950808880646,0.04652893406778781,0.04550923867742919,0.0013573658186942339,0.011119326679747448,6.983773189325596e-06,0.0004997266057290884,0.0003918978277426564,0.0024602344909488505,0.0005413459862756598,0.003111818433209841,2.6863928578455346e-06,1.6667122779173088e-05,0.00016196435544367594,0.0012448130065097762,9,0.0888888888888889,0.875,Moroccan Arabic,0.025828288878417677,{},28.030439992435277
