estimator,average_line_prob,kwt_line_prob,sdn_line_prob,mar_line_prob,pse_line_prob,average_line_macro_prob,kwt_line_macro_prob,sdn_line_macro_prob,mar_line_macro_prob,pse_line_macro_prob,average_line_dialectness,kwt_line_dialectness,sdn_line_dialectness,mar_line_dialectness,pse_line_dialectness,average_score,kwt_score,sdn_score,mar_score,pse_score
Blobheart:command-r,0.002218486892407676,0.0001428786671884289,0.00023750905322360123,0.007626228368988247,0.0008673314802304264,0.008408236360701812,0.01819393718793031,0.0013075622147219982,0.009196724429267406,0.0049347216108875285,0.002111821571496802,0.003798220157860433,0.0030730030800482306,0.00035701931094216116,0.0012190437371363823,8.543863314220039e-05,2.327924396441865e-06,3.12160800832949e-05,4.721047903521851e-06,0.00030348948018554296
