acc,prob,macro_prob,dialectness,score,macro_score
0.25,0.012554954765364527,0.03037814084382262,7.372699677944183e-05,4.063405035379837e-06,8.692178723941871e-06
