acc,prob,macro_prob,dialectness,score,macro_score
0.16,0.019564943099394442,0.02278022883358062,0.006635238034650683,0.0039805622409143085,0.004029924782925242
