acc,prob,macro_prob,dialectness,score,macro_score
0.020202020202020204,0.013036916653315226,0.01318766998663319,0.008675965217102056,0.006988549804587125,0.006999241858356101
