acc,prob,macro_prob,dialectness,score,macro_score
0.49,0.048713672029552985,0.20794926610804396,0.05972719053737819,0.0005372777707140416,0.040288389968883224
