acc,prob,macro_prob,dialectness,score,macro_score
0.22,0.02127391354806605,0.0386645173926081,0.00600063256919384,0.00015328066542309493,0.0007297999325271605
