acc,prob,macro_prob,dialectness,score,macro_score
0.020202020202020204,0.0001480525296012109,0.0012754143105180124,0.0054143281898113215,5.342262496693645e-06,0.00010189275017978954
