acc,prob,macro_prob,dialectness,score,macro_score
0.030303030303030304,0.00048069106038622184,0.01365121610631997,0.00034237103630798034,5.544964373837498e-06,0.0001668546342570332
