acc,prob,macro_prob,dialectness,score,macro_score
0.5,0.14222927428549156,0.16291328523162518,0.05464516299776733,0.031047027444451016,0.0322027552256443
