acc,prob,macro_prob,dialectness,score,macro_score
0.55,0.03252799476264045,0.30955024907772893,0.0004238344170153141,3.5689055798983716e-05,0.00020160052726953188
