acc,prob,macro_prob,dialectness,score,macro_score
0.020202020202020204,0.00033305119370307887,0.0017325141516542344,0.0032751715243464767,6.125153984187284e-05,0.0003136326642520566
