acc,prob,macro_prob,dialectness,score,macro_score
0.21,0.03141711222007871,0.17017729892395436,0.00010923925787210464,9.057712179771143e-06,6.383069112822284e-05
