acc,prob,macro_prob,dialectness,score,macro_score
0.47,0.14078309671371245,0.14585478760651313,0.1007694001402706,0.06669106178795749,0.06800898044017215
