acc,prob,macro_prob,dialectness,score,macro_score
0.2,0.010308080288814381,0.01374481398728676,0.006590609652921558,0.00013419922142621237,0.0012586889788021658
