acc,prob,macro_prob,dialectness,score,macro_score
0.020202020202020204,0.0011061610738662157,0.0018646782875587843,0.007657630576027764,0.00018722685801350782,0.0003637409883537012
