acc,prob,macro_prob,dialectness,score,macro_score
0.030303030303030304,0.001010035061173969,0.0026287771973081612,0.0013390946192572816,6.188751286084052e-05,0.0001444269575501682
