acc,prob,macro_prob,dialectness,score,macro_score
0.18,0.001433461796841584,0.03189151069294894,0.020422375248745083,8.9032842130348e-06,0.008594357512592892
