acc,prob,macro_prob,dialectness,score,macro_score
0.55,0.048363545123138466,0.30923163260391445,0.01040626090951264,0.0013058887580400485,0.007837859968945095
