acc,prob,macro_prob,dialectness,score,macro_score
0.5,0.05408143479377031,0.14333652667497518,0.027940497463569046,0.0006133210189943014,0.002447643136175382
