acc,prob,macro_prob,dialectness,score,macro_score
0.29,0.01953521916642785,0.22275312762678368,0.01007190639153123,0.00021238179933534874,0.006734342734048089
