acc,prob,macro_prob,dialectness,score,macro_score
0.52,0.03505048351362348,0.07676832305267453,0.021068341555073856,0.00012198998957031576,0.0016697807180500706
