acc,prob,macro_prob,dialectness,score,macro_score
0.51,0.05587647288688458,0.13677295823610622,0.01567347165197134,0.0010262536034231077,0.003226523256432269
