acc,prob,macro_prob,dialectness,score,macro_score
0.030303030303030304,0.0005289411779041543,0.002252296024858199,0.0005421913652257485,1.7277698104753222e-05,4.9325454863839004e-05
