acc,prob,macro_prob,dialectness,score,macro_score
0.18,0.022562803588807582,0.023652771156048403,0.017507680961862206,0.007706529948306709,0.00774235450244445
