acc,prob,macro_prob,dialectness,score,macro_score
0.030303030303030304,0.006761698221618479,0.013013960654856731,0.001248377478784985,0.0005191054335208893,0.0010068576910394298
