prob,macro_prob,dialectness,score,macro_score,lid_acc
0.04408423686632887,0.49884768887117387,0.002071744855493307,4.442638987827664e-05,0.0006458832368257911,1.0
