prob,macro_prob,dialectness,score,macro_score,lid_acc
0.3345735621606582,0.3625629871181445,0.1839341652020812,0.14272520368638283,0.15108876004648505,1.0
