prob,macro_prob,dialectness,score,macro_score,lid_acc
0.30880713913880753,0.31587022351202904,0.15241175203584134,0.13785722743261103,0.13833504477216135,1.0
