prob,macro_prob,dialectness,score,macro_score,lid_acc
0.24305461535579526,0.45060143958980914,0.11597166927531362,0.07159770832051937,0.10759946503261929,1.0
