prob,macro_prob,dialectness,score,macro_score,lid_acc
0.6142875842261128,0.6827251294563758,0.10999857246875763,0.09335899701848584,0.10470050860077178,1.0
