prob,macro_prob,dialectness,score,macro_score,lid_acc
0.4250218508730177,0.5794737684795109,0.09080326238647103,0.0410795353930109,0.06046355874474272,1.0
