prob,macro_prob,dialectness,score,macro_score,lid_acc
0.459748702441575,0.5890387981955427,0.11370843132957816,0.09399398549854338,0.10330157216234377,1.0
