prob,macro_prob,dialectness,score,macro_score,lid_acc
0.3810204652772518,0.5699616422715189,0.1690979543235153,0.08607284976924472,0.1394229692850984,1.0
