prob,macro_prob,dialectness,score,macro_score,lid_acc
0.41460002852079925,0.4630956380412681,0.11426937077194452,0.07937973310172354,0.08566703302480022,1.0
