prob,macro_prob,dialectness,score,macro_score,lid_acc
0.11409430200015777,0.38541858283744657,0.2396107019390911,0.041326855138087565,0.11156967161924049,1.0
