prob,macro_prob,dialectness,score,macro_score,lid_acc
0.17845911441545467,0.5091059377258352,0.2102180282305926,0.06076030990207701,0.16605292357688295,1.0
