prob,macro_prob,dialectness,score,macro_score,lid_acc
0.04903297911747359,0.6722191998355265,0.07378960073925554,0.0055057619568993875,0.05211809162868719,1.0
