prob,macro_prob,dialectness,score,macro_score,lid_acc
0.3433890983005404,0.5007088491675676,0.09869231504388154,0.04490577186671438,0.07181718356979439,1.0
