prob,macro_prob,dialectness,score,macro_score,lid_acc
0.20065587061224505,0.2852889320231043,0.07350389496423304,0.033858222475512144,0.03831568775312744,1.0
