prob,macro_prob,dialectness,score,macro_score,lid_acc
0.28995929174590857,0.38958981821910127,0.07364426492713391,0.0685002489481141,0.07161875653322126,1.0
