prob,macro_prob,dialectness,score,macro_score,lid_acc
0.04867192283301847,0.2268053660701844,0.030507510202005504,0.004037597574410209,0.017925533695092786,1.0
