prob,macro_prob,dialectness,score,macro_score,lid_acc
0.3314497585121717,0.817811388028058,0.07455961469560862,0.034782932579127894,0.06664378795886403,1.0
