prob,macro_prob,dialectness,score,macro_score,lid_acc
0.2961721956828909,0.5483712267639763,0.10913598100686896,0.039614980091005954,0.07197496136572311,1.0
