prob,macro_prob,dialectness,score,macro_score,lid_acc
0.09621470479822908,0.2844382399525393,0.06417956054010378,0.007633667721743795,0.023006567607970017,1.0
