prob,macro_prob,dialectness,score,macro_score,lid_acc
0.09852535821089986,0.4637737753154943,0.11473162821494043,0.023962129482836735,0.07840430836355065,1.0
