prob,macro_prob,dialectness,score,macro_score,lid_acc
0.08377241579815746,0.7968098936401656,0.04191228225827217,0.009999857016154756,0.03621958765516234,1.0
