prob,macro_prob,dialectness,score,macro_score,lid_acc
0.010307934419834054,0.7178062015477917,0.08326728594489395,0.0011569068442161409,0.060096689457352685,1.0
