prob,macro_prob,dialectness,score,macro_score,lid_acc
0.12359682165086269,0.4341344707011012,0.10358777459710837,0.024343156303055835,0.08530469575374255,1.0
