prob,macro_prob,dialectness,score,macro_score,lid_acc
0.045032631756621415,0.8059345067199319,0.11055245003663003,0.006499891559579734,0.09877914518567607,1.0
