prob,macro_prob,dialectness,score,macro_score,lid_acc
0.460525194707443,0.470924209493096,0.24719594383612276,0.20329404469586104,0.2044798239331878,1.0
