prob,macro_prob,dialectness,score,macro_score,lid_acc
0.533992185977695,0.5543549804453505,0.12995785717852415,0.12271786693110115,0.1234100452983104,1.0
