prob,macro_prob,dialectness,score,macro_score,lid_acc
0.34785751246497965,0.35733676146832294,0.2176848495937884,0.1490588206064195,0.1507086759512736,1.0
