prob,macro_prob,dialectness,score,macro_score,lid_acc
0.040174717258196324,0.14546144858393698,0.1288179831030086,0.006418628276427464,0.02185606154819303,1.0
