estimator,average_score,BTEC_score,FLORES_score,HABIBI_score,TWEET_score,mar_score,pse_score,sdn_score,kwt_score,average_line_prob,BTEC_line_prob,FLORES_line_prob,HABIBI_line_prob,TWEET_line_prob,mar_line_prob,pse_line_prob,sdn_line_prob,kwt_line_prob,average_line_macro_prob,BTEC_line_macro_prob,FLORES_line_macro_prob,HABIBI_line_macro_prob,TWEET_line_macro_prob,mar_line_macro_prob,pse_line_macro_prob,sdn_line_macro_prob,kwt_line_macro_prob,average_dialectness,BTEC_dialectness,FLORES_dialectness,HABIBI_dialectness,TWEET_dialectness,mar_dialectness,pse_dialectness,sdn_dialectness,kwt_dialectness
OpenAIAPI:gpt-4o-2024-08-06,0.042437928509032795,0.06482088606414674,0.03626892515652569,0.014220277286148109,0.054441625529310665,0.08361320402927386,0.020200684039867734,0.03956266648913151,0.006499900424794008,0.20562949874310865,0.2557124793997669,0.1614806479905383,0.11537651904889511,0.2899483485332344,0.39250874560518173,0.13738680818148366,0.16655653708370127,0.04607318905556508,0.40722859008687035,0.3827572246235972,0.34639204403065377,0.3826686076347964,0.5170964840584342,0.54546923183843,0.30980636007807094,0.2407409592792088,0.6483954416006956,0.08739059149641185,0.10148156916160589,0.052075876141898333,0.0912753009718914,0.1047296197102518,0.10229175793961029,0.0918832628375842,0.07339344658709275,0.09786785981356552
