,LABEL,score,macro_score,prob,dialectness,acc,prompt_len,n_shots
0,score,"ρ=1.0, p=0.0","ρ=0.9875088144826414, p=0.0","ρ=0.620216822852014, p=0.0","ρ=0.9797248733298186, p=0.0","ρ=0.4453396800522757, p=0.0","ρ=-0.02852948294599233, p=0.00903966853915493","ρ=0.3226189957202874, p=4.699419044190351e-202"
1,macro_score,"ρ=0.9875088144826414, p=0.0","ρ=1.0, p=0.0","ρ=0.5775941712256704, p=0.0","ρ=0.9918512213115738, p=0.0","ρ=0.4453396800522757, p=0.0","ρ=-0.026201331386260265, p=0.01651010230891329","ρ=0.33152655126230895, p=6.32248207268798e-214"
2,prob,"ρ=0.620216822852014, p=0.0","ρ=0.5775941712256704, p=0.0","ρ=1.0, p=0.0","ρ=0.5492335315904109, p=0.0","ρ=0.7509797097133504, p=0.0","ρ=-0.1328920117259682, p=2.688116156141784e-34","ρ=0.18351618173822176, p=2.5708254937244217e-64"
3,dialectness,"ρ=0.9797248733298186, p=0.0","ρ=0.991851221311574, p=0.0","ρ=0.5492335315904109, p=0.0","ρ=0.9999999999999998, p=0.0","ρ=0.44533968011336006, p=0.0","ρ=-0.02005955347025008, p=0.06645646365580911","ρ=0.34398869996043757, p=3.2596298914013103e-231"
4,acc,"ρ=0.4453396800522757, p=0.0","ρ=0.4453396800522757, p=0.0","ρ=0.7509797097133504, p=0.0","ρ=0.44533968011336006, p=0.0","ρ=1.0, p=0.0","ρ=-0.09486013069623185, p=3.3809704903375175e-18","ρ=0.19398439004788923, p=8.673144748820405e-72"
