,LABEL,dialect,prompt_type,prompt_location,prompt_phrasing,genre,model,n_shots
0,score,"('kwt', 1.418676868252709e-33)","('use {language_requested}', 0.035377341852478074)","('End', 0.0002092419761549774)","('Stand alone', 0.884631444777016)","('HEHE', 0.17066720127032728)","('llama', 7.003146318052653e-107)","(0, 2.3332626467104707e-127)"
1,macro_score,"('sau', 2.589336421416674e-36)","('using {language_requested}', 0.21518377861534005)","('End', 3.038549602493777e-06)","('Integrated', 0.04220565381016469)","('Okapi', 0.0067226822778823)","('llama', 8.545901473805516e-163)","(0, 1.1483026362088428e-183)"
2,prob,"('kwt', 9.293061079907958e-41)","('written in {language_requested}', 0.12006388849451352)","('End', 0.209003980848589)","('Stand alone', 1.1213379973442713e-10)","('HEHE', 2.3129845773295066e-31)","('llama', 8.697259606879368e-108)","(0, 2.36181610120295e-42)"
3,dialectness,"('kwt', 5.2452386525120715e-20)","('written in {language_requested}', 0.152079443058977)","('End', 4.142700228945245e-05)","('Integrated', 0.03790968967520868)","('Okapi', 1.9620761475556342e-05)","('llama', 8.810886824781106e-178)","(0, 9.033441161413194e-243)"
4,acc,"('sdn', 0.0018974035840189755)","('written in {language_requested}', 0.019657804683060363)","('Start', 2.0314787968234665e-09)","('Stand alone', 0.2706453207047473)","('HEHE', 3.392406578998211e-26)","('llama', 0.0)","(0, 8.673144748819911e-72)"
