,LABEL,dialect,prompt_type,prompt_location,prompt_phrasing,genre,model,n_shots
0,score,"('egy', 5.530235203171734e-141)","('reply in {language_requested}', 0.24280239483071778)","('Start', 1.1158813278549795e-05)","('Integrated', 0.884631444777016)","('ShareGPT', 0.3391214649707244)","('gpt-4o', 5.908368517820807e-71)","(5, 2.3332626467104707e-127)"
1,macro_score,"('egy', 1.9423168754863556e-57)","('answer in {language_requested}', 0.062029361781951745)","('Start', 5.452130591530332e-13)","('Stand alone', 0.04220565381016469)","('ShareGPT', 0.0005430745074558946)","('gpt-4o', 1.4962911507732063e-107)","(5, 1.1483026362088428e-183)"
2,prob,"('egy', 1.1212499457608143e-76)","('in {language_requested}', 3.7755394267939446e-15)","('Middle', 0.013055534837270287)","('Integrated', 1.1213379973442713e-10)","('Okapi', 3.954591703554238e-20)","('gpt-4o', 2.6426635929422923e-90)","(5, 2.36181610120295e-42)"
3,dialectness,"('egy', 1.928647660938552e-57)","('respond in {language_requested}', 0.021855313954801444)","('Start', 8.236431313598316e-11)","('Stand alone', 0.03790968967520868)","('ShareGPT', 0.002270541444222953)","('gpt-4o', 5.657078519591225e-106)","(5, 9.033441161413194e-243)"
4,acc,"('egy', 5.54266228159515e-06)","('answer in {language_requested}', 0.004105475122227491)","('End', 2.658766780577613e-16)","('Integrated', 0.2706453207047473)","('ShareGPT', 2.110851555289274e-11)","('command_r+', 1.1496544920739406e-279)","(5, 8.673144748819911e-72)"
