,LABEL,score,macro_score,prob,dialectness,acc,prompt_len,n_shots,prompt_aldi
0,score,"ρ=1.0, p=0.0","ρ=0.9643026208972848, p=0.0","ρ=0.6029853997951322, p=0.0","ρ=0.9231462295547238, p=0.0","ρ=0.21485811114609468, p=1.9160204021806612e-102","ρ=-0.09461193084065914, p=7.016229814888641e-21","ρ=0.11666622358367311, p=5.707134440908615e-31","ρ=0.2933104475015934, p=3.5500669295918055e-193"
1,macro_score,"ρ=0.9643026208972848, p=0.0","ρ=1.0, p=0.0","ρ=0.504273146486204, p=0.0","ρ=0.9489349523081957, p=0.0","ρ=0.21485811114609468, p=1.9160204021806612e-102","ρ=-0.11020311377342015, p=8.565960266058152e-28","ρ=0.12154721891580839, p=1.7222655362745644e-33","ρ=0.28854211826000453, p=9.75120319868081e-187"
2,prob,"ρ=0.6029853997951323, p=0.0","ρ=0.5042731464862039, p=0.0","ρ=0.9999999999999999, p=0.0","ρ=0.3739242716804297, p=0.0","ρ=0.32711056557604773, p=1.7740224464792387e-242","ρ=0.08427768791402547, p=7.0748082671805e-17","ρ=0.04713861080824731, p=3.1271670750150895e-06","ρ=0.19749623548077805, p=1.5354845277631472e-86"
3,dialectness,"ρ=0.9231462295547237, p=0.0","ρ=0.9489349523081958, p=0.0","ρ=0.3739242716804297, p=0.0","ρ=0.9999999999999999, p=0.0","ρ=0.21485811263438617, p=1.916014112013346e-102","ρ=-0.12946317960005777, p=8.417494425068136e-38","ρ=0.1466969053726084, p=3.7618459199761264e-48","ρ=0.29365282315934477, p=1.210894285128512e-193"
4,acc,"ρ=0.21485811114609468, p=1.9160204021806612e-102","ρ=0.21485811114609468, p=1.9160204021806612e-102","ρ=0.32711056557604773, p=1.7740224464792387e-242","ρ=0.21485811263438617, p=1.916014112013346e-102","ρ=0.9999999999999999, p=0.0","ρ=-0.013015241669627253, p=0.19822578732206417","ρ=0.06396316819626065, p=2.462788317674215e-10","ρ=-0.010553339063733782, p=0.2968389622130664"
