,LABEL,dialect,prompt_type,prompt_location,genre,model,n_shots
0,score,"('kwt', 4.850240342688953e-24)","('type_7', 9.189929980922212e-17)","('middle', 0.5222164462781481)","('HABIBI', 2.3797581659164503e-13)","('gpt-4o', 8.271375933318933e-41)","(0, 3.639986382094684e-19)"
1,macro_score,"('sau', 5.917438102514011e-49)","('type_7', 2.853553397546127e-19)","('middle', 0.06443916197034491)","('FLORES', 1.5706826807765884e-19)","('gpt-4o', 7.71302997490098e-71)","(0, 1.6748963197765106e-34)"
2,prob,"('kwt', 8.729631038784533e-51)","('type_0', 3.5858243484949532e-12)","('middle', 0.6062795144093462)","('HABIBI', 7.035000570921942e-35)","('gpt-4o', 0.025452980428357058)","(0, 0.0002556772723708595)"
3,dialectness,"('sau', 2.121567593556226e-56)","('type_7', 3.479251565316481e-24)","('beginning', 0.20048941335086712)","('FLORES', 9.389513500029496e-39)","('gpt-4o', 4.128856290224273e-120)","(0, 5.654941931652487e-60)"
4,acc,"('kwt', 0.0001807589971195533)","('type_5', 7.434444234192374e-08)","('middle', 0.2231133932147352)","('TWEET', 9.87092859713982e-06)","('llama', 1.3498863734953959e-180)","(0, 2.4627883176745197e-10)"
