,LABEL,dialect,prompt_type,prompt_location,genre,model,n_shots
0,score,"('egy', 1.2165248159452637e-144)","('type_3', 1.5589428726919649e-18)","('end', 0.22745770309853838)","('TWEET', 3.3212254313457947e-19)","('llama', 2.3864689160535722e-73)","(5, 3.639986382094684e-19)"
1,macro_score,"('dza', 4.546228851452842e-31)","('type_3', 2.4787715584503872e-24)","('end', 0.08937118940251615)","('TWEET', 1.8137647510364175e-16)","('llama', 1.4909968304557223e-100)","(5, 1.6748963197765106e-34)"
2,prob,"('mar', 4.196636003753393e-135)","('type_3', 1.8934523974536343e-12)","('end', 0.7627147537778368)","('TWEET', 1.1422048284073729e-77)","('llama', 2.7682272798945946e-05)","(5, 0.0002556772723708595)"
3,dialectness,"('dza', 2.6400108118269073e-30)","('type_4', 1.5608001728367644e-13)","('end', 0.08967111380375171)","('TWEET', 7.272378365784848e-07)","('llama', 2.9186256987000156e-177)","(5, 5.654941931652487e-60)"
4,acc,"('egy', 0.054947647407759544)","('type_4', 0.006125126601410591)","('end', 0.6184334985907369)","('FLORES', 0.0003892651962162615)","('gpt-4o', 3.0672667264562295e-34)","(5, 2.4627883176745197e-10)"
