acc,prob,macro_prob,dialectness,score,macro_score
0.91,0.0990722387956339,0.2782448786566965,0.17486672470346093,0.030838358207071502,0.09495795407019215
