acc,prob,macro_prob,dialectness,score,macro_score
0.77,0.045738531918177616,0.42680099334378613,0.022841647267341614,0.0005720906436539952,0.010963246408815337
