acc,prob,macro_prob,dialectness,score,macro_score
0.9,0.15187288979068397,0.35802535186638124,0.16633641707710922,0.050961521805033244,0.11016189027914632
