acc,prob,macro_prob,dialectness,score,macro_score
0.956989247311828,0.07847080662939197,0.19050604259934506,0.1823700532837901,0.03537796624628162,0.06584591500569327
