acc,prob,macro_prob,dialectness,score,macro_score
0.85,0.04291902416938683,0.4407762371801073,0.07046722689643502,0.005967981100260576,0.04060306487352508
