acc,prob,macro_prob,dialectness,score,macro_score
0.75,0.23611860985169186,0.3823799229603901,0.11254210263490677,0.07174565652220724,0.08941846517286059
