acc,prob,macro_prob,dialectness,score,macro_score
0.93,0.29040246177115475,0.4931724505528109,0.2010457968711853,0.06802269852293161,0.1077121882359604
