acc,prob,macro_prob,dialectness,score,macro_score
0.83,0.2777756064813002,0.30317706786139753,0.23444478772580624,0.15502228591045664,0.16623200024796636
