acc,prob,macro_prob,dialectness,score,macro_score
0.9,0.3403105564866564,0.6145670646967483,0.3256792534887791,0.15858244981455333,0.23394134989524634
