acc,prob,macro_prob,dialectness,score,macro_score
0.79,0.3776071531319758,0.5104147348499101,0.22889155151322485,0.14018107565647756,0.16684906531480104
