acc,prob,macro_prob,dialectness,score,macro_score
0.79,0.047390642045938874,0.19470127812091959,0.04988500759936869,0.007012080722936567,0.022313810834676838
