acc,prob,macro_prob,dialectness,score,macro_score
0.93,0.25325953686609864,0.2728180550329853,0.23741460498422384,0.14420124777894106,0.14802644607965468
