acc,prob,macro_prob,dialectness,score,macro_score
0.97,0.04879905427224003,0.24959203482430894,0.14841568815521897,0.012644278511684957,0.08669536687178868
