acc,prob,macro_prob,dialectness,score,macro_score
0.73,0.14983982029531034,0.4326553580004838,0.12525319126434625,0.04960590380377727,0.08756937739681982
