acc,prob,macro_prob,dialectness,score,macro_score
0.97,0.24339334267395316,0.5026583385885169,0.23002839755266904,0.09132113294148982,0.15005347485497086
