acc,prob,macro_prob,dialectness,score,macro_score
0.83,0.15681556835668745,0.2985168632879504,0.1690858127363026,0.05674224163933849,0.0959651827831417
