acc,prob,macro_prob,dialectness,score,macro_score
0.92,0.06660984675458166,0.6673173830048472,0.060720410430803895,0.011034421937408391,0.04846020540159333
