acc,prob,macro_prob,dialectness,score,macro_score
0.94,0.00857046618795721,0.5462710311939009,0.1262750631570816,0.002231020503461724,0.06890141612119853
