acc,prob,macro_prob,dialectness,score,macro_score
0.82,0.04248428691382287,0.5009906753677206,0.11485534886829556,0.012915026793793288,0.06514466243632448
