acc,prob,macro_prob,dialectness,score,macro_score
0.9080459770114943,0.25748503923579386,0.48776092202350463,0.2128090039644947,0.09801762066644688,0.15351719585779458
