acc,prob,macro_prob,dialectness,score,macro_score
0.92,0.2624864198756404,0.3233028816911974,0.2734697941597551,0.1587463707606604,0.18501908428895494
