acc,prob,macro_prob,dialectness,score,macro_score
0.9230769230769231,0.035566591055659305,0.14343467628630327,0.19058980827386945,0.015807126295598904,0.052902461242311426
