acc,prob,macro_prob,dialectness,score,macro_score
0.77,0.17751595788169652,0.3074579784838716,0.10981377825140953,0.049846354090424615,0.07872510833708962
