acc,prob,macro_prob,dialectness,score,macro_score
0.97,0.19984217872144655,0.2540027061053843,0.14489034596830608,0.06855244142931735,0.07701546732891285
