acc,prob,macro_prob,dialectness,score,macro_score
0.75,0.19538108392618597,0.2280196594100562,0.1363365025119856,0.0925945777316473,0.10157913725193574
