acc,prob,macro_prob,dialectness,score,macro_score
0.79,0.029690590023237748,0.1795949778969225,0.042612760802730916,0.0020065160409273195,0.022105327910831765
