acc,prob,macro_prob,dialectness,score,macro_score
0.87,0.31036800310132096,0.4215610209280567,0.1787428109999746,0.1137451795584322,0.12894243007616382
