acc,prob,macro_prob,dialectness,score,macro_score
0.82,0.28134340580407297,0.34384770294971534,0.19780443948693574,0.11387913595538118,0.14044240075610234
