estimator,average_line_prob,kwt_line_prob,sdn_line_prob,mar_line_prob,pse_line_prob,average_line_macro_prob,kwt_line_macro_prob,sdn_line_macro_prob,mar_line_macro_prob,pse_line_macro_prob,average_line_dialectness,kwt_line_dialectness,sdn_line_dialectness,mar_line_dialectness,pse_line_dialectness,average_score,kwt_score,sdn_score,mar_score,pse_score
OpenAIAPI:gpt-4o-2024-08-06,0.31475322266760686,0.10461019026366704,0.21567056490692949,0.7504809653815692,0.18825117011826176,0.5730762708047327,0.6591895405580335,0.36407458700756845,0.8012692988108576,0.46777165684247124,0.21590831864300056,0.14921263024774067,0.18183227406133157,0.33359031563055314,0.19899805463237685,0.11458684748219512,0.01175613066749428,0.060973781613984424,0.33665263425957037,0.04896484338773144
