estimator,status,progress,num_finish_reason_MAX_TOKENS,num_samples,num_skipped,num_from_cache,acc,line_acc,en_word%,out_of_range_word%,has_word_codeswitch,has_line_codeswitch,prob,line_prob,macro_prob,line_macro_prob,dialectness,line_dialectness,score,macro_score,prob/90%_ci_low,prob/90%_ci_high,dialectness/90%_ci_low,dialectness/90%_ci_high,score/90%_ci_low,score/90%_ci_high,macro_score/90%_ci_low,macro_score/90%_ci_high,insufficient_tokens,line_pass_rate,word_pass_rate,best_guess_dialect,best_guess_prob,errors,task_duration
Blobheart:command-r,success,100.0%,100,100,0,0,0.93,0.9008333333333334,0.05503084636891642,0.11312991260359903,0.18,0.16,0.0988266520947218,0.05316576980694663,0.6976122929726262,0.6099361462745583,0.003831647663610056,0.0024252845899900423,0.0025104237521576776,0.003581219721002699,0.06615804983564288,0.1467684951858039,0.0016252820112533295,0.008369722960235963,0.0008204385949883753,0.006622479553006769,0.0014924595013466426,0.007905761763744142,0,0.84,0.7857142857142857,Emirati Arabic,0.42919671646202917,{},56.1805417200012
