estimator,status,progress,num_finish_reason_MAX_TOKENS,num_finish_reason_COMPLETE,num_samples,num_skipped,num_from_cache,acc,line_acc,en_word%,out_of_range_word%,has_word_codeswitch,has_line_codeswitch,prob,line_prob,macro_prob,line_macro_prob,dialectness,line_dialectness,score,macro_score,prob/90%_ci_low,prob/90%_ci_high,dialectness/90%_ci_low,dialectness/90%_ci_high,score/90%_ci_low,score/90%_ci_high,macro_score/90%_ci_low,macro_score/90%_ci_high,insufficient_tokens,line_pass_rate,word_pass_rate,best_guess_dialect,best_guess_prob,errors,task_duration
Blobheart:command-r,success,100.0%,90,8,99,0,5,0.4387755102040816,0.401360544217687,0.2964937949952541,0.5913894413250702,0.6632653061224489,0.673469387755102,0.036147335231213884,0.011925982617255186,0.0853754941823094,0.06446636418814353,0.014644770431617389,0.010264391642813031,0.003463122373736684,0.003940668079374131,0.01638568205503434,0.0753348456255209,0.007399522361652518,0.0306438712924067,0.0005730201014743046,0.013777250506801073,0.0009579024361923952,0.013523370612043555,1,0.326530612244898,1.0,Emirati Arabic,0.10123198187544144,{},30.080657503567636
