estimator,status,progress,num_finish_reason_MAX_TOKENS,num_finish_reason_COMPLETE,num_samples,num_skipped,num_from_cache,acc,line_acc,en_word%,out_of_range_word%,has_word_codeswitch,has_line_codeswitch,prob,line_prob,macro_prob,line_macro_prob,dialectness,line_dialectness,score,macro_score,prob/90%_ci_low,prob/90%_ci_high,dialectness/90%_ci_low,dialectness/90%_ci_high,score/90%_ci_low,score/90%_ci_high,macro_score/90%_ci_low,macro_score/90%_ci_high,insufficient_tokens,line_pass_rate,word_pass_rate,best_guess_dialect,best_guess_prob,errors,task_duration
Blobheart:command-r,success,100.0%,96,4,100,0,0,0.8,0.7433333333333333,0.11371951131925812,0.2287259370828819,0.34,0.35,0.2019285289448453,0.05653365473845042,0.2078608999456628,0.06645887372549623,0.02730277960654348,0.021527205987212562,0.017481816651337554,0.017610053009750482,0.14923910522434836,0.2660127222745079,0.012013177041970701,0.057411320906782685,0.005689944110055931,0.04565320957476872,0.005799932865862964,0.045780342966432755,0,0.65,0.4769230769230769,Egyptian Arabic,0.2019285289448453,{},48.2586293610002
