estimator,status,progress,num_finish_reason_MAX_TOKENS,num_finish_reason_COMPLETE,num_samples,num_skipped,num_from_cache,acc,line_acc,en_word%,out_of_range_word%,has_word_codeswitch,has_line_codeswitch,prob,line_prob,macro_prob,line_macro_prob,dialectness,line_dialectness,score,macro_score,prob/90%_ci_low,prob/90%_ci_high,dialectness/90%_ci_low,dialectness/90%_ci_high,score/90%_ci_low,score/90%_ci_high,macro_score/90%_ci_low,macro_score/90%_ci_high,insufficient_tokens,line_pass_rate,word_pass_rate,best_guess_dialect,best_guess_prob,errors,task_duration
Blobheart:command-r,success,100.0%,91,7,99,0,0,0.5408163265306123,0.4537414965986395,0.2551196285871883,0.5368083045514371,0.6530612244897959,0.6836734693877551,0.1131993791543432,0.03533715162514139,0.12492354970564352,0.04691337045176401,0.028858617877668455,0.017011667903324007,0.0064457960577972515,0.007988278611090737,0.07520473978109847,0.1669406062983976,0.018657884555749998,0.04697346966525065,0.0021885035800176026,0.020929846903580795,0.00343976072413314,0.022081359469060143,1,0.3163265306122449,-1.064516129032258,Emirati Arabic,0.11733955764259231,{},201.02244857299956
