estimator,status,progress,num_finish_reason_MAX_TOKENS,num_finish_reason_COMPLETE,num_samples,num_skipped,num_from_cache,acc,line_acc,en_word%,out_of_range_word%,has_word_codeswitch,has_line_codeswitch,prob,line_prob,macro_prob,line_macro_prob,dialectness,line_dialectness,score,macro_score,prob/90%_ci_low,prob/90%_ci_high,dialectness/90%_ci_low,dialectness/90%_ci_high,score/90%_ci_low,score/90%_ci_high,macro_score/90%_ci_low,macro_score/90%_ci_high,insufficient_tokens,line_pass_rate,word_pass_rate,best_guess_dialect,best_guess_prob,errors,task_duration
Blobheart:command-r,success,100.0%,96,4,100,0,5,0.86,0.8496666666666667,0.07983982211226848,0.16322575149967122,0.18,0.18,0.04512863299576566,0.021859415140352213,0.087693003321765,0.061689525202382356,0.014963756434153765,0.012522849765373394,0.000584465265211817,0.011315437233140425,0.02229390813867386,0.08685309476592973,0.005774373406893394,0.036127952047454684,3.390135026091968e-05,0.0016950851053600376,0.0009147466426332718,0.032751486926580996,0,0.8200000000000001,1.0,Emirati Arabic,0.37583129764825574,{},36.60651787370443
