estimator,status,progress,num_finish_reason_MAX_TOKENS,num_finish_reason_COMPLETE,num_samples,num_skipped,num_from_cache,acc,line_acc,en_word%,out_of_range_word%,has_word_codeswitch,has_line_codeswitch,prob,line_prob,macro_prob,line_macro_prob,dialectness,line_dialectness,score,macro_score,prob/90%_ci_low,prob/90%_ci_high,dialectness/90%_ci_low,dialectness/90%_ci_high,score/90%_ci_low,score/90%_ci_high,macro_score/90%_ci_low,macro_score/90%_ci_high,insufficient_tokens,line_pass_rate,word_pass_rate,best_guess_dialect,best_guess_prob,errors,task_duration
Blobheart:command-r,success,100.0%,94,6,100,0,0,0.81,0.7666666666666667,0.11170018146996498,0.23290136231599376,0.33,0.33,0.1319891229091445,0.03306936300534289,0.435354980762786,0.3565476564056735,0.011569020815659314,0.008181452714100791,0.006666882320700972,0.010515177424888078,0.0898151018223026,0.18736569242219311,0.006215035345718336,0.022775894557547458,0.0030101147084904602,0.014341710765769839,0.005515894414329112,0.020896866856804995,0,0.6699999999999999,0.5074626865671642,Emirati Arabic,0.1934593446709914,{},48.72430820700174
