estimator,status,progress,num_finish_reason_MAX_TOKENS,num_finish_reason_COMPLETE,num_samples,num_skipped,num_from_cache,acc,line_acc,en_word%,out_of_range_word%,has_word_codeswitch,has_line_codeswitch,prob,line_prob,macro_prob,line_macro_prob,dialectness,line_dialectness,score,macro_score,prob/90%_ci_low,prob/90%_ci_high,dialectness/90%_ci_low,dialectness/90%_ci_high,score/90%_ci_low,score/90%_ci_high,macro_score/90%_ci_low,macro_score/90%_ci_high,insufficient_tokens,line_pass_rate,word_pass_rate,best_guess_dialect,best_guess_prob,errors,task_duration
Blobheart:command-r,success,100.0%,87,10,99,0,0,0.4845360824742268,0.420618556701031,0.2730205695386259,0.5544549863459795,0.6701030927835051,0.6701030927835051,0.09690601332713225,0.0652639723692531,0.18063955757732159,0.1623956038125733,0.02954329707006895,0.02764795803442146,0.00840064788088083,0.016861593332632537,0.06068987697567772,0.14931722327480101,0.016163289318867985,0.05288984335850415,0.002274764113160764,0.03052104995910166,0.006461355112069651,0.04004396815275478,2,0.3298969072164949,-1.03125,Emirati Arabic,0.11443934768867996,{},39.330162343001575
