estimator,status,progress,num_finish_reason_COMPLETE,num_finish_reason_MAX_TOKENS,num_samples,num_skipped,num_from_cache,acc,line_acc,en_word%,out_of_range_word%,has_word_codeswitch,has_line_codeswitch,prob,line_prob,macro_prob,line_macro_prob,dialectness,line_dialectness,score,macro_score,prob/90%_ci_low,prob/90%_ci_high,dialectness/90%_ci_low,dialectness/90%_ci_high,score/90%_ci_low,score/90%_ci_high,macro_score/90%_ci_low,macro_score/90%_ci_high,insufficient_tokens,line_pass_rate,word_pass_rate,best_guess_dialect,best_guess_prob,errors,task_duration
Blobheart:command-r,success,100.0%,10,87,99,0,0,0.5257731958762887,0.44931271477663226,0.27894848011448115,0.5409564938897997,0.6494845360824743,0.6494845360824743,0.05477674421374254,0.02467616010198043,0.3308465144139134,0.2960690190861381,0.015602322560543022,0.0061633324719040546,0.0016756415419614955,0.011425633485667044,0.03182966073968596,0.09472978038236622,0.009768140073852124,0.025794851066997998,0.0006163229313726318,0.004974814904965603,0.006892327087399234,0.01914935585727487,2,0.35051546391752575,-0.8529411764705883,Emirati Arabic,0.14074903102015557,{},440.73647652300133
