estimator,status,progress,num_finish_reason_COMPLETE,num_finish_reason_MAX_TOKENS,num_samples,num_skipped,num_from_cache,acc,line_acc,en_word%,out_of_range_word%,has_word_codeswitch,has_line_codeswitch,prob,line_prob,macro_prob,line_macro_prob,dialectness,line_dialectness,score,macro_score,prob/90%_ci_low,prob/90%_ci_high,dialectness/90%_ci_low,dialectness/90%_ci_high,score/90%_ci_low,score/90%_ci_high,macro_score/90%_ci_low,macro_score/90%_ci_high,insufficient_tokens,line_pass_rate,word_pass_rate,best_guess_dialect,best_guess_prob,errors,task_duration
Blobheart:command-r,success,100.0%,13,84,99,0,5,0.6082474226804123,0.5425871379479628,0.22133704402827398,0.4555530271391647,0.5773195876288659,0.5876288659793815,0.053201219632551935,0.01223313764395365,0.08771407321670342,0.041217284772146645,0.02633798777932282,0.01612328540588188,0.000714145728946263,0.005568614516314985,0.024620830220019804,0.10072041328570235,0.014919238890969338,0.05334595814855552,0.0003058735835434434,0.001898010577473618,0.0009233041024587379,0.02007814993480396,2,0.41237113402061853,0.95,Emirati Arabic,0.14102703858630194,{},31.226570086553693
