estimator,status,progress,num_finish_reason_COMPLETE,num_finish_reason_MAX_TOKENS,num_samples,num_skipped,num_from_cache,acc,line_acc,en_word%,out_of_range_word%,has_word_codeswitch,has_line_codeswitch,prob,line_prob,macro_prob,line_macro_prob,dialectness,line_dialectness,score,macro_score,prob/90%_ci_low,prob/90%_ci_high,dialectness/90%_ci_low,dialectness/90%_ci_high,score/90%_ci_low,score/90%_ci_high,macro_score/90%_ci_low,macro_score/90%_ci_high,insufficient_tokens,line_pass_rate,word_pass_rate,best_guess_dialect,best_guess_prob,errors,task_duration
Blobheart:command-r,success,100.0%,9,88,99,0,0,0.4536082474226804,0.4039518900343643,0.3003030059135635,0.6036502864538754,0.6804123711340206,0.6804123711340206,0.04202926670532366,0.03137829233340189,0.08066782408355515,0.0684523409398719,0.014370381414467833,0.013615303288999613,0.0002617144485327237,0.0014701419286949479,0.023071134446975505,0.07968742047187656,0.007920675383832126,0.0269896763621917,0.00011235221043138741,0.0006221303786581687,0.00046245286669978683,0.005004348608631645,2,0.31958762886597936,-1.129032258064516,Emirati Arabic,0.12232590103029878,{},82.26976182900034
