estimator,status,progress,num_finish_reason_MAX_TOKENS,num_finish_reason_COMPLETE,num_samples,num_skipped,num_from_cache,acc,line_acc,en_word%,out_of_range_word%,has_word_codeswitch,has_line_codeswitch,prob,line_prob,macro_prob,line_macro_prob,dialectness,line_dialectness,score,macro_score,prob/90%_ci_low,prob/90%_ci_high,dialectness/90%_ci_low,dialectness/90%_ci_high,score/90%_ci_low,score/90%_ci_high,macro_score/90%_ci_low,macro_score/90%_ci_high,insufficient_tokens,line_pass_rate,word_pass_rate,best_guess_dialect,best_guess_prob,errors,task_duration
Blobheart:command-r,success,100.0%,89,9,99,0,5,0.47959183673469385,0.42371234207968905,0.2714300642824711,0.5707953382522655,0.6836734693877551,0.6938775510204082,0.13800802977033416,0.11005236058524448,0.1771162644398995,0.1905242733888112,0.03758955041507297,0.04203726051618396,0.0300706367667622,0.03162142621367701,0.09619500440787332,0.19332623812771238,0.020958460354124717,0.06993142447318171,0.013907570171243604,0.06287587195353798,0.015311650448063032,0.06406286444491191,1,0.30612244897959184,1.0,Moroccan Arabic,0.13800802977033416,{},29.231330110691488
