estimator,status,progress,num_finish_reason_MAX_TOKENS,num_finish_reason_COMPLETE,num_samples,num_skipped,num_from_cache,acc,line_acc,en_word%,out_of_range_word%,has_word_codeswitch,has_line_codeswitch,prob,line_prob,macro_prob,line_macro_prob,dialectness,line_dialectness,score,macro_score,prob/90%_ci_low,prob/90%_ci_high,dialectness/90%_ci_low,dialectness/90%_ci_high,score/90%_ci_low,score/90%_ci_high,macro_score/90%_ci_low,macro_score/90%_ci_high,insufficient_tokens,line_pass_rate,word_pass_rate,best_guess_dialect,best_guess_prob,errors,task_duration
Blobheart:command-r,success,100.0%,96,4,100,0,5,0.84,0.8321666666666667,0.09025515333779145,0.1794832543380478,0.24,0.22,0.11149252584902569,0.09051410934189334,0.12797905122017256,0.13457494618734928,0.01041931118525099,0.012240379134115454,0.009024958961547522,0.009047928993080623,0.07566093914939802,0.16356707114622224,0.003826686653519388,0.02555187739884891,0.002450070648708035,0.02329712851969564,0.00246256078618616,0.02332699711974182,0,0.78,0.9743589743589743,Emirati Arabic,0.36107344037969596,{},32.28996270895004
