estimator,status,progress,num_finish_reason_MAX_TOKENS,num_finish_reason_COMPLETE,num_samples,num_skipped,num_from_cache,acc,line_acc,en_word%,out_of_range_word%,has_word_codeswitch,has_line_codeswitch,prob,line_prob,macro_prob,line_macro_prob,dialectness,line_dialectness,score,macro_score,prob/90%_ci_low,prob/90%_ci_high,dialectness/90%_ci_low,dialectness/90%_ci_high,score/90%_ci_low,score/90%_ci_high,macro_score/90%_ci_low,macro_score/90%_ci_high,insufficient_tokens,line_pass_rate,word_pass_rate,best_guess_dialect,best_guess_prob,errors,task_duration
Blobheart:command-r,success,100.0%,96,4,100,0,0,0.93,0.8916666666666666,0.06270208571585081,0.11832057467111202,0.2,0.18,0.15278622464626096,0.059237934572156516,0.1572219502000371,0.06898103834653739,0.03240224238368682,0.02775699749472551,0.030438229509759863,0.030501851177712636,0.10701374526233179,0.21104804474622268,0.015305157894525977,0.06299870272560831,0.013475862806358612,0.06061494695282624,0.013513295589840811,0.0607464138227607,0,0.8200000000000001,0.7560975609756098,Emirati Arabic,0.41641256846138275,{},55.64643717099898
