estimator,status,progress,num_finish_reason_MAX_TOKENS,num_finish_reason_COMPLETE,num_samples,num_skipped,num_from_cache,acc,line_acc,en_word%,out_of_range_word%,has_word_codeswitch,has_line_codeswitch,prob,line_prob,macro_prob,line_macro_prob,dialectness,line_dialectness,score,macro_score,prob/90%_ci_low,prob/90%_ci_high,dialectness/90%_ci_low,dialectness/90%_ci_high,score/90%_ci_low,score/90%_ci_high,macro_score/90%_ci_low,macro_score/90%_ci_high,insufficient_tokens,line_pass_rate,word_pass_rate,best_guess_dialect,best_guess_prob,errors,task_duration
Blobheart:command-r,success,100.0%,96,4,100,0,0,0.89,0.8626666666666667,0.07766581299526855,0.15014119690527014,0.22,0.19,0.14381443161866628,0.09730419873259961,0.2449977803317597,0.19698665392701514,0.005522517268545925,0.002465766755825219,0.004958191553694814,0.005007945711921638,0.10092055087996105,0.19999229504819627,0.0029202467783405843,0.009995438515555049,0.002426235383287191,0.009376450368570976,0.0024639671256450244,0.009460389234761021,0,0.81,0.7283950617283951,Emirati Arabic,0.3682642791577382,{},52.73607803699997
