estimator,status,progress,num_finish_reason_MAX_TOKENS,num_finish_reason_COMPLETE,num_samples,num_skipped,num_from_cache,acc,line_acc,en_word%,out_of_range_word%,has_word_codeswitch,has_line_codeswitch,prob,line_prob,macro_prob,line_macro_prob,dialectness,line_dialectness,score,macro_score,prob/90%_ci_low,prob/90%_ci_high,dialectness/90%_ci_low,dialectness/90%_ci_high,score/90%_ci_low,score/90%_ci_high,macro_score/90%_ci_low,macro_score/90%_ci_high,insufficient_tokens,line_pass_rate,word_pass_rate,best_guess_dialect,best_guess_prob,errors,task_duration
Blobheart:command-r,success,100.0%,87,11,99,0,5,0.5102040816326531,0.43520408163265295,0.2718770737508203,0.5444721557881953,0.6530612244897959,0.6632653061224489,0.04156491686993906,0.00267957547847039,0.3365222699381886,0.27646752199655805,0.0149310603725952,0.014574820097463782,0.0004034851346611123,0.010123090222175722,0.018641583262844593,0.07920994765531936,0.00888262668697621,0.02840623424231539,8.66679572310794e-05,0.0013767014832510845,0.005543638996977701,0.021202339777082333,1,0.33673469387755106,0.9696969696969697,Emirati Arabic,0.14902525412260878,{},29.552628882229328
