estimator,status,progress,num_finish_reason_MAX_TOKENS,num_finish_reason_COMPLETE,num_samples,num_skipped,num_from_cache,acc,line_acc,en_word%,out_of_range_word%,has_word_codeswitch,has_line_codeswitch,prob,line_prob,macro_prob,line_macro_prob,dialectness,line_dialectness,score,macro_score,prob/90%_ci_low,prob/90%_ci_high,dialectness/90%_ci_low,dialectness/90%_ci_high,score/90%_ci_low,score/90%_ci_high,macro_score/90%_ci_low,macro_score/90%_ci_high,insufficient_tokens,line_pass_rate,word_pass_rate,best_guess_dialect,best_guess_prob,errors,task_duration
Blobheart:command-r,success,100.0%,98,2,100,0,0,0.86,0.8341666666666666,0.08575953655315904,0.1721809530143425,0.22,0.21,0.10855418775929138,0.06272703924041707,0.18282125100697158,0.16011130291008158,0.004835778548731469,0.0035429064950828126,0.004075946718960103,0.004354011399036255,0.06910774663817873,0.1664722109558936,0.0013594524912205852,0.016110447333274894,0.0008031521517347487,0.015158382403255342,0.0009807343049666685,0.01574232640697339,0,0.79,0.7215189873417722,Emirati Arabic,0.3670108686599997,{},217.98851262899916
