estimator,average_line_prob,kwt_line_prob,sdn_line_prob,mar_line_prob,pse_line_prob,average_line_macro_prob,kwt_line_macro_prob,sdn_line_macro_prob,mar_line_macro_prob,pse_line_macro_prob,average_line_dialectness,kwt_line_dialectness,sdn_line_dialectness,mar_line_dialectness,pse_line_dialectness,average_score,kwt_score,sdn_score,mar_score,pse_score
Blobheart:command-r,0.0483007654468954,0.018379287366285288,0.020692775405729766,0.11731480148087134,0.03681619753469523,0.20685793936862562,0.41253260010068593,0.06447812391241614,0.19528993917205037,0.15513109428935,0.015537611677586625,0.008990588118628014,0.015528258960422705,0.025663323519598186,0.011968276111697597,0.006836927099999154,0.003819100990524382,0.0021710459291075777,0.01807473735843006,0.003282824121934599
