prob,dialectness,score,macro_score,SpBLEU_corpus_score,ChrF_corpus_score
0.11775229063001462,0.013328858891909476,0.006030917775231003,0.006203357358244049,0.04969042527979044,0.2349567904516684
