prob,dialectness,score,macro_score,SpBLEU_corpus_score,ChrF_corpus_score
0.010825426296796649,0.028719078873982652,0.000350213038930703,0.0012066964386210901,0.005521101108327729,0.061535322001528406
