prob,dialectness,score,macro_score,SpBLEU_corpus_score,ChrF_corpus_score
0.0836889230718225,0.05247642130649183,0.011828954536795389,0.017202875776191978,0.012154202554500938,0.09733095638729482
