prob,dialectness,score,macro_score,SpBLEU_corpus_score,ChrF_corpus_score
0.09740340355085209,0.0539377057593083,0.036671108830600326,0.037081563175082224,0.004519106946578805,0.06598055209981367
