prob,dialectness,score,macro_score,SpBLEU_corpus_score,ChrF_corpus_score
0.04610960048477864,0.08277824838995002,0.008630490649354299,0.04738783921355221,0.009758491399421402,0.08789268562255216
