prob,dialectness,score,macro_score,SpBLEU_corpus_score,ChrF_corpus_score
0.08528927968232893,0.05989389519760152,0.007800600410000707,0.013721541832190326,0.23892053274573413,0.5226144049373608
