prob,dialectness,score,macro_score,SpBLEU_corpus_score,ChrF_corpus_score
0.05609161903354107,0.07800178013945697,0.01365889940830535,0.0201654954571139,0.007998838633194746,0.07568490915626618
