prob,dialectness,score,macro_score,SpBLEU_corpus_score,ChrF_corpus_score
0.0707114363196888,0.013453158788615837,0.0012836128326484287,0.0061577531618704825,0.05424105568690167,0.24481665984168358
