prob,dialectness,score,macro_score,SpBLEU_corpus_score,ChrF_corpus_score
0.0046908968705974986,0.06362469725718256,0.0008483206909079471,0.038407552830029515,0.004935660437032291,0.0582165237882667
