prob,dialectness,score,macro_score,SpBLEU_corpus_score,ChrF_corpus_score
0.27211882499337664,0.17092869180312845,0.10903047382578553,0.13817203446918958,0.059070095724819194,0.2465232988906878
