prob,dialectness,score,macro_score,SpBLEU_corpus_score,ChrF_corpus_score
0.0494493741831684,0.027951025993970688,0.0017964133847886423,0.005265597406506937,0.04467559080936751,0.2240298547424854
