prob,dialectness,score,macro_score,SpBLEU_corpus_score,ChrF_corpus_score
0.067207737932913,0.16721182308567223,0.01676745354991068,0.08774506954381021,0.00739918653118455,0.08368014834823465
