prob,dialectness,score,macro_score,SpBLEU_corpus_score,ChrF_corpus_score
0.12659761653514578,0.1482827274966985,0.07566074655086133,0.0903563364470317,0.009066349003886882,0.08465046804417453
