prob,dialectness,score,macro_score,SpBLEU_corpus_score,ChrF_corpus_score
0.06039211203809827,0.04282790055149235,0.008139075903514412,0.012563122007180856,0.00795712129508129,0.07477649758072219
