prob,dialectness,score,macro_score,SpBLEU_corpus_score,ChrF_corpus_score
0.016198027978971366,0.07239871055469849,0.007758440050390909,0.03741254654769208,0.003227716336327731,0.04623184014782355
