prob,dialectness,score,macro_score,SpBLEU_corpus_score,ChrF_corpus_score
0.04811959565340658,0.011052099319931586,0.0009679474487545584,0.004784233024012482,0.0681431377927073,0.25926903570936005
