prob,dialectness,score,macro_score,SpBLEU_corpus_score,ChrF_corpus_score
0.19525019686669112,0.15588702555396594,0.1287153942464991,0.13009632758471754,0.007958125614436498,0.07670541473063734
