prob,dialectness,score,macro_score,SpBLEU_corpus_score,ChrF_corpus_score
0.15367189031967426,0.12503093038016233,0.06264952133204435,0.08802664067865415,0.023149776639271435,0.15787853655555464
