prob,dialectness,score,macro_score,SpBLEU_corpus_score,ChrF_corpus_score
0.027953214695153293,0.029939341824501753,0.0005636546729630538,0.0057312843111921264,0.003947129231799853,0.059435126544544116
