prob,dialectness,score,macro_score,SpBLEU_corpus_score,ChrF_corpus_score
0.303437707402627,0.1779021187784383,0.13139806242374574,0.13369078858550917,0.10293660844617486,0.3246406826996766
