prob,dialectness,score,macro_score,SpBLEU_corpus_score,ChrF_corpus_score
0.017787618088768796,0.005787974658305757,0.001149193125232402,0.0046052507557658206,0.008015898096695449,0.0722580744864322
