prob,dialectness,score,macro_score,SpBLEU_corpus_score,ChrF_corpus_score
0.08042443219630513,0.05679321964213159,0.0038686380621811545,0.013986379619332577,0.09684561902392128,0.3391563553979086
