prob,dialectness,score,macro_score,SpBLEU_corpus_score,ChrF_corpus_score
0.08289231111608387,0.05630908096383792,0.005447053519020124,0.011444700895107749,0.08670751281565506,0.31638138183211173
