prob,dialectness,score,macro_score,SpBLEU_corpus_score,ChrF_corpus_score
0.05794314530736301,0.10175681597320363,0.047137941063192815,0.06442551902252777,0.002782645632198461,0.05695994426596328
