estimator,Flores200_En_to_DA,Flores200_MSA_to_DA,Madar26_MSA_to_DA,Flores200_DA_to_En,Flores200_DA_to_MSA,Madar26_DA_to_MSA,Average_EGY_to_MSA,Average_SAU_to_MSA,Average_SYR_to_MSA,Average_DZA_to_MSA,Average_MSA_to_DZA,Average_MSA_to_EGY,Average_MSA_to_SAU,Average_MSA_to_SYR,Average_EGY_to_ENG,Average_SAU_to_ENG,Average_SYR_to_ENG,Average_ENG_to_EGY,Average_ENG_to_SAU,Average_ENG_to_SYR
Blobheart:command-r-plus,,,0.1757992362893267,,,0.22311921779725338,0.3533744495181904,0.4324358065382295,0.31878575096581335,0.18583464568718905,0.11706884567483211,0.3075844989215203,0.25218966696668027,0.2577235208122731,0.3734368787167624,0.45145954639428376,0.41850089971762466,0.2815766290042999,0.4043279013319731,0.29362740519543634
