prob,macro_prob,dialectness,score,macro_score,lid_acc
0.31011291658564005,0.44472247554731437,0.11347893689759075,0.04471007568550767,0.07294825325548926,1.0
