prob,macro_prob,dialectness,score,macro_score,lid_acc
0.12075954383704811,0.1280559654123499,0.03372494270093739,0.030376447989717965,0.03041914451425745,1.0
