prob,macro_prob,dialectness,score,macro_score,lid_acc
0.2832385123358108,0.2943298654980026,0.15070747943595053,0.11223497277627674,0.11356200799182994,1.0
