prob,macro_prob,dialectness,score,macro_score,lid_acc
0.2365415913797915,0.40189518298837357,0.13612115855328738,0.032268908994907,0.10555946641388152,1.0
