prob,macro_prob,dialectness,score,macro_score,lid_acc
0.06256502895557788,0.23056843443089747,0.09240291544236243,0.017498817617647787,0.05853750425893841,1.0
