prob,macro_prob,dialectness,score,macro_score,lid_acc
0.08337185368276177,0.194910693661465,0.1475505719367319,0.021033425112769105,0.0452711167056673,1.0
