prob,macro_prob,dialectness,score,macro_score,lid_acc
0.23698840672150254,0.3355297905406769,0.0764361175056547,0.06713006961885697,0.06797611041739475,1.0
