prob,macro_prob,dialectness,score,macro_score,lid_acc
0.03945114701233369,0.26566348781747245,0.13960582224191517,0.0022661529561600877,0.06686364039642079,1.0
