prob,macro_prob,dialectness,score,macro_score,lid_acc
0.012298045308998553,0.5350342239124438,0.10648157489486039,0.003023303689747139,0.06473192490270348,1.0
