prob,macro_prob,dialectness,score,macro_score,lid_acc
0.41589900795908763,0.6231368905755517,0.23550615979358555,0.12743719762535113,0.19037959511959224,0.97
