prob,macro_prob,dialectness,score,macro_score,lid_acc
0.2017234907353072,0.5381314901251348,0.2185486382644238,0.04387735277066779,0.1445969571428346,0.9655172413793104
