prob,macro_prob,dialectness,score,macro_score,lid_acc
0.3629444126150338,0.37114165683655304,0.2048704431578517,0.18145349257385296,0.18221002160577857,0.98
