prob,macro_prob,dialectness,score,macro_score,lid_acc
0.02658019784052158,0.6660282694190391,0.09991777866147458,0.0029410646365344278,0.0855081093096885,0.99
