prob,macro_prob,dialectness,score,macro_score,lid_acc
0.26380030226137025,0.7123886525712442,0.09350153347477316,0.0440352976589928,0.07254818812955999,0.99
