prob,macro_prob,dialectness,score,macro_score,lid_acc
0.04949346344103105,0.2359532249314361,0.02128589660860598,0.0020138974907695294,0.01193709646930334,1.0
