prob,macro_prob,dialectness,score,macro_score,lid_acc
0.0826484992436599,0.258417057285551,0.2589836250524968,0.03760869459683048,0.10237848478762665,1.0
