prob,macro_prob,dialectness,score,macro_score,lid_acc
0.05935107870725915,0.6104235660587437,0.09879346304573118,0.010332706691613132,0.07278770278762987,1.0
