prob,macro_prob,dialectness,score,macro_score,lid_acc
0.1280896449254942,0.3644473098732124,0.12163975039497017,0.020360699322589375,0.09041610211449758,0.99
