prob,macro_prob,dialectness,score,macro_score,lid_acc
0.30090124998940154,0.45723128123616336,0.13814631877467037,0.07562699255055122,0.11724962522186502,0.97
