prob,macro_prob,dialectness,score,macro_score,lid_acc
0.10639928060496459,0.28792293114820494,0.10731394135393202,0.02369752818466526,0.08315532641878078,1.0
