prob,macro_prob,dialectness,score,macro_score,lid_acc
0.02167678825033363,0.4423158166294888,0.0008023563679307699,5.2981719696122007e-05,0.0002508166009240236,1.0
