prob,macro_prob,dialectness,score,macro_score,lid_acc
0.32519811706093604,0.39998337975201137,0.15655480839312078,0.11756861352560115,0.12008487084754602,1.0
