prob,macro_prob,dialectness,score,macro_score,lid_acc
0.11217053827655037,0.21288160622003488,0.07953261451795697,0.014067836601670419,0.04965747523971926,1.0
