prob,macro_prob,dialectness,score,macro_score,lid_acc
0.5768684741284232,0.644350962456665,0.13207255656830966,0.11381324218224607,0.11560645979447406,1.0
