prob,macro_prob,dialectness,score,macro_score,lid_acc
0.0896368922595866,0.7477210284688044,0.03614626075141132,0.011337955056438191,0.025211192035838548,1.0
