prob,macro_prob,dialectness,score,macro_score,lid_acc
0.21440300851711072,0.23688367535971339,0.12436042268760503,0.08622204046736068,0.08667936378891086,0.99
