prob,macro_prob,dialectness,score,macro_score,lid_acc
0.41174880803911945,0.5408149031978974,0.14573558057658376,0.06634497553142733,0.09090415887124072,1.0
