prob,macro_prob,dialectness,score,macro_score,lid_acc
0.04331639448995702,0.2468964228160621,0.03494612220674753,0.0002124640242109523,0.004665721704449613,1.0
