estimator,average_score,BTEC_score,FLORES_score,HABIBI_score,TWEET_score,mar_score,pse_score,sdn_score,kwt_score,average_line_prob,BTEC_line_prob,FLORES_line_prob,HABIBI_line_prob,TWEET_line_prob,mar_line_prob,pse_line_prob,sdn_line_prob,kwt_line_prob,average_line_macro_prob,BTEC_line_macro_prob,FLORES_line_macro_prob,HABIBI_line_macro_prob,TWEET_line_macro_prob,mar_line_macro_prob,pse_line_macro_prob,sdn_line_macro_prob,kwt_line_macro_prob,average_dialectness,BTEC_dialectness,FLORES_dialectness,HABIBI_dialectness,TWEET_dialectness,mar_dialectness,pse_dialectness,sdn_dialectness,kwt_dialectness
Blobheart:command-r,0.0391475876959643,0.05022072780218337,0.034571989269623855,0.023252037069006203,0.04854559664304376,0.09158109684392796,0.021409895467925738,0.016343042715151534,0.002941066758245992,0.1775026309986224,0.15960032238419644,0.15093898560589877,0.13334749769191273,0.2661237183124816,0.36601873720438405,0.13840597789692327,0.09964618273517672,0.03096319688560247,0.37758897121182966,0.2923880173346223,0.3372536729307467,0.37585215716368386,0.5048620374182656,0.5214958526397231,0.30499742202125485,0.24307898635550995,0.5196590592413582,0.1015582616944607,0.10435758339848603,0.048861007238738235,0.13235619370789073,0.12065826243272779,0.1260481055166982,0.09254010192563103,0.11519067064913738,0.10146387375933974
