acc,prob,macro_prob,dialectness,score,macro_score
0.25252525252525254,0.02653244560974829,0.05390498198150196,0.024831353159941207,0.0012518294715713823,0.015137422033811488
