acc,prob,macro_prob,dialectness,score,macro_score
0.21212121212121213,0.01183899290944365,0.012823795681029107,0.009662342605867772,0.005663777387362738,0.0057342567109183225
