acc,prob,macro_prob,dialectness,score,macro_score
0.29,0.05041792953736149,0.053923581434064546,0.00424945374019444,0.0013633359956997692,0.0014055318146868644
