acc,prob,macro_prob,dialectness,score,macro_score
0.14,0.03505189456045628,0.04855019405425992,0.003347436347976327,0.0005519831433584928,0.00115306641527714
