acc,prob,macro_prob,dialectness,score,macro_score
0.19,0.03384312707115896,0.04673653721692972,0.01366396258585155,0.0012747794799620568,0.0021222140197285923
