acc,prob,macro_prob,dialectness,score,macro_score
0.10101010101010101,0.0024226960776646557,0.010371291507247159,0.0012177216980342913,5.0582499240886036e-05,0.00017530804712029255
