acc,prob,macro_prob,dialectness,score,macro_score
0.21212121212121213,0.02026452365180835,0.046498570283122286,0.007035255206353737,0.0011051915772042587,0.002437243719203033
