acc,prob,macro_prob,dialectness,score,macro_score
0.26262626262626265,0.004887195717369328,0.18907243029932924,0.008055447704262204,4.607626830278201e-05,0.006202543224793126
