acc,prob,macro_prob,dialectness,score,macro_score
0.16161616161616163,0.011796894281011338,0.02010770888077189,0.004043092640737693,0.0003819182623919128,0.00046131849544597364
