acc,prob,macro_prob,dialectness,score,macro_score
0.16,0.010522780695464463,0.030881397211924195,0.0029258831404149533,4.711650185067474e-05,0.00019177885459980976
