prob,dialectness,score,macro_score
0.023080208897943412,0.007335736698499231,0.0014255423801111577,0.002770018304560002
