prob,dialectness,score,macro_score
0.00874873697275597,0.006083805168122806,0.0016193102735490772,0.003817591572898444
