acc,prob,macro_prob,dialectness,score,macro_score
0.38,0.0370394588180352,0.26432223308482206,0.0009881861228495836,7.316785042508594e-05,0.0008923616976483058
