acc,prob,macro_prob,dialectness,score,macro_score
0.27,0.04297988818609156,0.0509635064820759,0.0006993450969457626,6.18412097202634e-06,1.5166159166531157e-05
