prob,dialectness,score,macro_score
0.013512540714476596,0.00426064883688032,0.00010923927109667332,0.0008856845958494749
