acc,prob,macro_prob,dialectness,score,macro_score
0.41,0.05566660811091424,0.21944364921786474,0.0066782191582024095,0.0020905354781931363,0.003845852395495951
