acc,prob,macro_prob,dialectness,score,macro_score
0.36,0.07904977027792484,0.08049877636716701,0.009024927914142609,0.005388022082387811,0.0054059027840800715
