acc,prob,macro_prob,dialectness,score,macro_score
0.19,0.07451899843057617,0.09332416910066968,0.000519545255228877,3.374798818741472e-05,0.0002646970433475838
