acc,prob,macro_prob,dialectness,score,macro_score
0.11,0.011724493958754465,0.031224084129789845,0.003087021429091692,2.725529081665951e-05,0.00019293096319953907
