acc,prob,macro_prob,dialectness,score,macro_score
0.29292929292929293,0.012194604586428877,0.16379247179679393,0.006966911331571714,0.00012393549730506563,0.0010831419685402347
