prob,dialectness,score,macro_score
0.012278312056400634,0.010425936176695606,0.005725538502419946,0.005810253481408316
