prob,dialectness,score,macro_score
0.0023249592837839943,0.0012313528597881697,5.066386223649168e-05,0.00017578595340397325
