prob,dialectness,score,macro_score
0.0012279102811589837,0.009195454379854104,5.0983947045347176e-05,0.007091573728449684
