acc,prob,macro_prob,dialectness,score,macro_score
0.19,0.03171835226239637,0.04770162229426205,0.008997247591614722,0.0010013611011554903,0.0013483267222565388
