acc,prob,macro_prob,dialectness,score,macro_score
0.15,0.033279943270608785,0.041945997513830664,0.0020268641505390406,0.0017816268357589377,0.0018208536504532458
