acc,prob,macro_prob,dialectness,score,macro_score
0.34,0.056063471715606286,0.06030493707890855,0.012267895415425301,0.003042682699473169,0.0032828840447352505
