acc,prob,macro_prob,dialectness,score,macro_score
0.19,0.03400625052745454,0.06874598029593472,0.002409094991162419,5.4039965446692205e-05,0.00014253702030813406
