prob,dialectness,score,macro_score
0.003386849148264813,0.022239407029995373,0.00036871260625701897,0.011798300721741638
