acc,prob,macro_prob,dialectness,score,macro_score
0.42,0.04522110361023806,0.32067021536582613,0.011191642610356212,0.0012375779543473905,0.010687420571958763
