acc,prob,macro_prob,dialectness,score,macro_score
0.15151515151515152,0.011380009981098048,0.03578629186482762,0.006421813402663578,0.0017002442660761774,0.004041508118633922
