prob,dialectness,score,macro_score
0.012281672583394354,0.005362947109258837,8.959299065776515e-05,0.00019082486863279444
