acc,prob,macro_prob,dialectness,score,macro_score
0.39,0.05105479396879673,0.21496058539662044,0.003608980216085911,0.00010318956889339357,0.002965607251853856
