prob,macro_prob,dialectness,score,macro_score,lid_acc
0.13060639411858574,0.37095056970567386,0.06204575724899769,0.014534359726458067,0.027977348383565356,0.93
