prob,macro_prob,dialectness,score,macro_score,lid_acc
0.08356290464652502,0.4066699142279905,0.17339050057794778,0.02686078708632904,0.11448682922878553,0.8709677419354839
