prob,macro_prob,dialectness,score,macro_score,lid_acc
0.3543926836104947,0.5094182924171037,0.23308536591939627,0.1338653815576235,0.1726823096624992,0.87
