prob,macro_prob,dialectness,score,macro_score,lid_acc
0.007162515015734243,0.32968948336056203,0.16651612029410898,0.002419026475357985,0.07998248183905114,0.96
