prob,macro_prob,dialectness,score,macro_score,lid_acc
0.7117787334189052,0.7807359583485232,0.29648673098534345,0.2788037897165716,0.2828114891682208,0.96
