prob,macro_prob,dialectness,score,macro_score,lid_acc
0.04544622917866292,0.23830517880000676,0.16250499483580008,0.015647110379894826,0.06313192791378883,0.9102564102564102
