prob,macro_prob,dialectness,score,macro_score,lid_acc
0.3894435373174201,0.5679953627251961,0.31194315957836805,0.17532659908692494,0.2558803795183562,0.84
