prob,macro_prob,dialectness,score,macro_score,lid_acc
0.2359465379329049,0.4449624438108003,0.16918572606518864,0.07590550714969779,0.11474547067248776,0.91
