prob,macro_prob,dialectness,score,macro_score,lid_acc
0.43726286735909525,0.4490877837574226,0.28780936675146224,0.21147336587316098,0.21664480867467126,0.83
