prob,macro_prob,dialectness,score,macro_score,lid_acc
0.2130287598632276,0.43242819232153124,0.21864237911999226,0.06502607016227487,0.14851872288700016,0.9
