prob,macro_prob,dialectness,score,macro_score,lid_acc
0.8163387386361137,0.863814135423163,0.3022330014128238,0.296397790891244,0.29844847042113387,0.92
