prob,macro_prob,dialectness,score,macro_score,lid_acc
0.22815846205689014,0.5646458178281318,0.36149558729492126,0.11134303160369939,0.27572766975861995,0.97
