prob,macro_prob,dialectness,score,macro_score,lid_acc
0.03249890619903453,0.49353511938403244,0.19118450335226952,0.011181507958166163,0.12461663077205765,0.9
