prob,macro_prob,dialectness,score,macro_score,lid_acc
0.13831893595401198,0.4699331359687494,0.265492180576548,0.06243434942283299,0.20700442077546413,0.91
