prob,macro_prob,dialectness,score,macro_score,lid_acc
0.7260664315382018,0.8533453460071178,0.3074441097863019,0.26014954764077464,0.2836108820566921,0.97
