prob,macro_prob,dialectness,score,macro_score,lid_acc
0.09054914165870287,0.40108562481429544,0.17790150037035346,0.02901937009591251,0.1168615593969668,0.99
