prob,macro_prob,dialectness,score,macro_score,lid_acc
0.062227935332921334,0.37561860820031145,0.12274775981903076,0.014427684519506658,0.08424847866048227,0.98
