prob,macro_prob,dialectness,score,macro_score,lid_acc
0.7979957946180366,0.8614784055807104,0.2882475984189659,0.27880937969242536,0.28462034508441375,0.99
