prob,macro_prob,dialectness,score,macro_score,lid_acc
0.20919997951597907,0.3916771449465887,0.18226878412999212,0.05321588428629194,0.10533631441840693,0.83
