prob,macro_prob,dialectness,score,macro_score,lid_acc
0.5796299829706549,0.5966960811847821,0.39569561921060087,0.33731191789358145,0.34409268289143286,0.93
