prob,macro_prob,dialectness,score,macro_score,lid_acc
0.5486394690047018,0.5599026093614521,0.3663705176766962,0.3254073222582592,0.32688212561260044,0.92
