prob,macro_prob,dialectness,score,macro_score,lid_acc
0.39532699240575314,0.5089190934336512,0.3123907198384404,0.1855190160529444,0.21962198964559923,0.86
