prob,macro_prob,dialectness,score,macro_score,lid_acc
0.16526767308532725,0.3607276368496241,0.25296620273031295,0.07112551616682661,0.1603050329811137,0.9
