prob,macro_prob,dialectness,score,macro_score,lid_acc
0.12952050342071994,0.8683546665820411,0.2995258892468851,0.04056337728119971,0.2827085318991093,0.9770114942528736
