prob,macro_prob,dialectness,score,macro_score,lid_acc
0.22501185290748255,0.7222059245494893,0.2204489017650485,0.0973193582410516,0.21261456291830808,0.78
