prob,macro_prob,dialectness,score,macro_score,lid_acc
0.10949461122305365,0.8198573520775971,0.25181272433139384,0.029570478435700397,0.24178759254714674,0.98
