prob,macro_prob,dialectness,score,macro_score,lid_acc
0.6406731176190078,0.6531017345242435,0.47763882362283766,0.42035660067863007,0.4236391098766088,0.92
