prob,macro_prob,dialectness,score,macro_score,lid_acc
0.16951036675629438,0.3952897178079002,0.1876373057346791,0.041036774810868815,0.13636491930106567,0.91
