estimator,average_score,BTEC_score,FLORES_score,HABIBI_score,TWEET_score,mar_score,pse_score,sdn_score,kwt_score,average_line_prob,BTEC_line_prob,FLORES_line_prob,HABIBI_line_prob,TWEET_line_prob,mar_line_prob,pse_line_prob,sdn_line_prob,kwt_line_prob,average_line_macro_prob,BTEC_line_macro_prob,FLORES_line_macro_prob,HABIBI_line_macro_prob,TWEET_line_macro_prob,mar_line_macro_prob,pse_line_macro_prob,sdn_line_macro_prob,kwt_line_macro_prob,average_dialectness,BTEC_dialectness,FLORES_dialectness,HABIBI_dialectness,TWEET_dialectness,mar_dialectness,pse_dialectness,sdn_dialectness,kwt_dialectness
Blobheart:command-r,0.2002178525537366,0.202228136284196,0.17724786953985697,0.14358158217633454,0.27781382221455897,0.4350018175543803,0.0702923843794541,0.19178705833568677,0.04606547288477725,0.3731699772432668,0.4063026745974946,0.3494114224187797,0.27636307818317446,0.46060273377361827,0.7571416682829696,0.1534110324492236,0.3427006264675083,0.09764071706295815,0.6145799225482173,0.6230605937546185,0.5577983454838977,0.5793475305452378,0.6981132204091152,0.857640161744211,0.4624272610552198,0.48109794323792004,0.6855289775687898,0.361878071150253,0.3524706486736382,0.2526838056030101,0.3895034872701674,0.45285434305419614,0.449407085407337,0.30554502074529616,0.3816578882773382,0.38371439454092093
