estimator,status,progress,num_finish_reason_MAX_TOKENS,num_finish_reason_COMPLETE,num_samples,num_skipped,num_from_cache,acc,line_acc,en_word%,out_of_range_word%,has_word_codeswitch,has_line_codeswitch,prob,line_prob,macro_prob,line_macro_prob,dialectness,line_dialectness,score,macro_score,prob/90%_ci_low,prob/90%_ci_high,dialectness/90%_ci_low,dialectness/90%_ci_high,score/90%_ci_low,score/90%_ci_high,macro_score/90%_ci_low,macro_score/90%_ci_high,insufficient_tokens,line_pass_rate,word_pass_rate,best_guess_dialect,best_guess_prob,errors,task_duration
Blobheart:command-r-plus,success,100.0%,90,5,99,0,99,0.9473684210526315,0.912280701754386,0.03547309041219784,0.0812677985637436,0.1368421052631579,0.12631578947368421,0.6224839986571552,0.5366639280789777,0.6367760984475209,0.549434038572087,0.4653396220534648,0.44940533939798016,0.3816732481435107,0.38982333475846104,0.5462415945710044,0.6948320715371855,0.4106758621387752,0.522050447181268,0.32687293669252837,0.43897304449172897,0.3352139320394992,0.4471561913570229,4,0.8736842105263158,0.8433734939759037,Egyptian Arabic,0.6224839986571552,{},32.971702909999294
