estimator,status,progress,num_finish_reason_COMPLETE,num_finish_reason_MAX_TOKENS,num_samples,num_skipped,num_from_cache,acc,line_acc,en_word%,out_of_range_word%,has_word_codeswitch,has_line_codeswitch,prob,line_prob,macro_prob,line_macro_prob,dialectness,line_dialectness,score,macro_score,prob/90%_ci_low,prob/90%_ci_high,dialectness/90%_ci_low,dialectness/90%_ci_high,score/90%_ci_low,score/90%_ci_high,macro_score/90%_ci_low,macro_score/90%_ci_high,insufficient_tokens,line_pass_rate,word_pass_rate,best_guess_dialect,best_guess_prob,errors,task_duration
Blobheart:command-r-plus,success,100.0%,5,89,99,0,99,0.9361702127659575,0.9343971631205673,0.030548691757781347,0.06850607605289369,0.1276595744680851,0.0851063829787234,0.39380459253245254,0.36810584105749394,0.6793049332156946,0.6370619209545189,0.36827745723557914,0.3595734506128818,0.22431959497691492,0.3470345667926191,0.32925263443831454,0.4601852255354892,0.3095068371666887,0.42852352311823516,0.1810596655612805,0.27311487375095506,0.2895352018789959,0.40580300138768766,5,0.9148936170212766,0.8604651162790697,Syrian Arabic,0.39380459253245254,{},33.288964629988186
