estimator,status,progress,num_finish_reason_COMPLETE,num_finish_reason_MAX_TOKENS,num_samples,num_skipped,num_from_cache,acc,line_acc,en_word%,out_of_range_word%,has_word_codeswitch,has_line_codeswitch,prob,line_prob,macro_prob,line_macro_prob,dialectness,line_dialectness,score,macro_score,prob/90%_ci_low,prob/90%_ci_high,dialectness/90%_ci_low,dialectness/90%_ci_high,score/90%_ci_low,score/90%_ci_high,macro_score/90%_ci_low,macro_score/90%_ci_high,insufficient_tokens,line_pass_rate,word_pass_rate,best_guess_dialect,best_guess_prob,errors,task_duration
Blobheart:command-r-plus,success,100.0%,8,89,99,0,99,0.9175257731958762,0.9044673539518899,0.03065052332115044,0.0864403363580862,0.1134020618556701,0.12371134020618557,0.09265487323864363,0.08956552974201053,0.5061279714728445,0.4802181195897067,0.2359376433485466,0.23136644691910555,0.042483624335481175,0.12931992309441637,0.06400369397231222,0.13537478584087956,0.18602248849524874,0.2917528280397614,0.02630918982541197,0.0685522164390606,0.09064066567572328,0.1777003023139506,2,0.8762886597938144,0.8705882352941177,Emirati Arabic,0.24934653606332993,{},34.14958048600238
