estimator,status,progress,num_finish_reason_MAX_TOKENS,num_finish_reason_COMPLETE,num_samples,num_skipped,num_from_cache,acc,line_acc,en_word%,out_of_range_word%,has_word_codeswitch,has_line_codeswitch,prob,line_prob,macro_prob,line_macro_prob,dialectness,line_dialectness,score,macro_score,prob/90%_ci_low,prob/90%_ci_high,dialectness/90%_ci_low,dialectness/90%_ci_high,score/90%_ci_low,score/90%_ci_high,macro_score/90%_ci_low,macro_score/90%_ci_high,insufficient_tokens,line_pass_rate,word_pass_rate,best_guess_dialect,best_guess_prob,errors,task_duration
Blobheart:command-r-plus,success,100.0%,88,7,99,0,99,0.8736842105263158,0.8715538847117795,0.04272181465783949,0.12857671519884326,0.17894736842105263,0.16842105263157894,0.26066424260099763,0.27074001735554226,0.5354396070042735,0.4901937587349063,0.30138245832518135,0.30702373631821395,0.16075591054416252,0.2559650036358099,0.19672140814234051,0.33521948296083925,0.2502917573074084,0.357101143059387,0.11757977249288169,0.2132481133930591,0.206657886843884,0.31223750472797346,4,0.8315789473684211,0.7848101265822784,Algerian Arabic,0.26066424260099763,{},31.73820272399462
