estimator,average_line_prob,dza_line_prob,syr_line_prob,egy_line_prob,sau_line_prob,average_line_macro_prob,dza_line_macro_prob,syr_line_macro_prob,egy_line_macro_prob,sau_line_macro_prob,average_line_dialectness,dza_line_dialectness,syr_line_dialectness,egy_line_dialectness,sau_line_dialectness,average_score,dza_score,syr_score,egy_score,sau_score
Blobheart:command-r-plus,0.3629873624445345,0.3352032700664461,0.4072451757642371,0.629742835350886,0.0797581685965687,0.6157587328930791,0.6003723323397592,0.7083788260690709,0.6429717745717355,0.5113119985917511,0.3311019396766369,0.3290220576520542,0.33517194837025455,0.44440894490913263,0.21580480777510633,0.19698499255387586,0.169877094319764,0.19645080485109606,0.3924724624420015,0.029139608602641833
