prob,macro_prob,dialectness,score,macro_score,lid_acc
0.045789339319162535,0.5079601777090283,0.5685768680274487,0.020840409560645545,0.255295283452739,1.0
