prob,macro_prob,dialectness,score,macro_score,lid_acc
0.6327816907939269,0.6358461170989904,0.7777532231807709,0.4999848884231362,0.5017013701071371,1.0
