prob,macro_prob,dialectness,score,macro_score,lid_acc
0.22567401936277748,0.6123292872149614,0.58731704255566,0.14649180136604564,0.3808620773125208,0.95
