prob,macro_prob,dialectness,score,macro_score,lid_acc
0.22404333028825932,0.8044677427760325,0.7475877040252089,0.1770851542463779,0.6310033711202511,1.0
