prob,macro_prob,dialectness,score,macro_score,lid_acc
0.5874205151177011,0.5996084949371289,0.6118225413933396,0.3930748465853424,0.3958539952402829,0.99
