prob,macro_prob,dialectness,score,macro_score,lid_acc
0.5927769147913204,0.7942983949264453,0.776687365360558,0.49325109011350987,0.6490786849250937,0.96
