prob,macro_prob,dialectness,score,macro_score,lid_acc
0.09547417260313523,0.5441774281633843,0.6042767366021872,0.059959435886428415,0.30208413072995927,0.99
