prob,macro_prob,dialectness,score,macro_score,lid_acc
0.36671805543475783,0.7682350761498674,0.7380268950015306,0.29694917162908746,0.6020169616796478,0.99
