prob,macro_prob,dialectness,score,macro_score,lid_acc
0.31864740515004675,0.7128482403186145,0.7521232005165911,0.25721626994003066,0.5787172672414729,0.9540229885057471
