prob,macro_prob,dialectness,score,macro_score,lid_acc
0.6413710642809747,0.6471730343825766,0.7306786587461829,0.5101194081800355,0.5125136425547893,0.95
