prob,macro_prob,dialectness,score,macro_score,lid_acc
0.023440687444599463,0.3866578963970096,0.29597786532714965,0.0069915163443821406,0.07132651282387244,1.0
