prob,macro_prob,dialectness,score,macro_score,lid_acc
0.16033830678963568,0.7849486313111265,0.4717136353999376,0.07281992382864946,0.41448997184804953,1.0
