prob,macro_prob,dialectness,score,macro_score,lid_acc
0.48054026705445724,0.8788652447308414,0.6581969410181046,0.3147706291701588,0.6020165503916789,1.0
