prob,macro_prob,dialectness,score,macro_score,lid_acc
0.15337771262740715,0.7963479828482377,0.7660197082161904,0.12436202922269039,0.6319454825383766,0.99
