prob,macro_prob,dialectness,score,macro_score,lid_acc
0.6432768277591094,0.644878208412265,0.7737537327408791,0.5375447144331678,0.5386623165909148,0.96
