estimator,average_score,BTEC_score,FLORES_score,HABIBI_score,TWEET_score,egy_score,sau_score,syr_score,dza_score,average_line_prob,BTEC_line_prob,FLORES_line_prob,HABIBI_line_prob,TWEET_line_prob,egy_line_prob,sau_line_prob,syr_line_prob,dza_line_prob,average_line_macro_prob,BTEC_line_macro_prob,FLORES_line_macro_prob,HABIBI_line_macro_prob,TWEET_line_macro_prob,egy_line_macro_prob,sau_line_macro_prob,syr_line_macro_prob,dza_line_macro_prob,average_line_dialectness,BTEC_line_dialectness,FLORES_line_dialectness,HABIBI_line_dialectness,TWEET_line_dialectness,egy_line_dialectness,sau_line_dialectness,syr_line_dialectness,dza_line_dialectness
Blobheart:command-r-plus,0.26206061047408125,0.2681188917617371,0.15895697727569963,0.2365577493583646,0.3846088235005237,0.5030001124109315,0.05876621600183758,0.1736448821808078,0.3641226493117643,0.4153982340336556,0.4244759521838811,0.29692516691316906,0.32846568292451195,0.6117261341130603,0.6479745078298627,0.18176714186874987,0.33720790048761284,0.5605494589601397,0.6741261343504606,0.70122889323325,0.5635345358392807,0.6319521998430339,0.7997889084862777,0.6631987999175208,0.5640810748217256,0.7473495547872591,0.7746552985540218,0.5592186289204497,0.6026267972700692,0.3435776890228386,0.6391847440338705,0.6514852853550206,0.6372192702743396,0.4410223579000448,0.5647006169305305,0.6773837977615655
